amount,hour_of_day,merchant_risk,device_trusted,international,card_present,transactions_last_24h,account_age_days,fraud
287.2415267843084,22,Medium,Yes,No,Yes,6,1181,0
179.33576762587052,14,High,Yes,No,Yes,5,1877,0
165.87403012451443,10,Medium,Yes,No,Yes,3,689,0
165.87627531981607,2,Medium,No,No,No,0,1042,0
557.9657294676781,2,Medium,No,No,Yes,4,1211,0
344.0047477157067,15,High,No,Yes,No,3,805,0
135.72936020890788,4,Medium,No,Yes,Yes,2,1428,0
296.3777368117456,20,Medium,Yes,No,No,0,1661,0
239.87523168775763,9,High,Yes,No,No,4,617,0
25.90979321887025,18,High,No,No,Yes,2,340,0
80.54907392252476,3,Medium,Yes,No,Yes,5,1889,0
252.73987648177962,18,Medium,Yes,No,No,6,65,0
523.8212240980234,10,High,No,No,Yes,5,1240,0
167.02226219509754,1,Medium,Yes,No,Yes,2,114,0
126.96329268651644,9,Low,Yes,No,No,6,556,0
217.6809049766599,10,Low,No,Yes,No,1,1754,0
120.63413768617171,19,High,No,No,No,3,802,0
158.1289657367026,15,Low,Yes,Yes,Yes,3,1914,0
197.91629747283176,18,High,No,No,Yes,5,1388,0
76.81647658126603,22,Medium,No,No,Yes,6,1692,1
356.4072113055767,23,Medium,No,No,No,6,498,0
64.22177355348481,10,Low,Yes,No,No,5,1832,0
56.735213260160805,13,Low,Yes,Yes,No,0,1626,0
232.07405014657618,1,High,No,Yes,Yes,5,1536,0
337.6024569574861,22,High,No,No,No,5,1083,0
227.74026892284846,4,Medium,No,No,Yes,3,1120,0
182.6135012501521,4,Medium,Yes,Yes,Yes,2,1736,0
156.88577219801692,18,Medium,Yes,No,No,1,312,0
136.78917968239804,20,Medium,No,No,Yes,2,1034,0
412.5359160623339,11,Medium,Yes,No,No,6,1414,0
254.52527272679066,17,Low,Yes,Yes,No,3,1987,0
146.0782576390385,3,Medium,Yes,No,No,2,659,0
112.39278351738686,21,High,Yes,No,No,4,657,0
310.5142748049449,16,High,No,No,No,2,1395,0
406.0130008082661,9,Low,No,No,No,3,390,0
381.7451738163466,19,High,Yes,No,Yes,6,1699,0
96.12564578536164,5,Medium,Yes,No,Yes,0,171,0
155.8197361545149,13,Medium,No,Yes,No,3,28,0
134.57219610241182,10,Low,Yes,Yes,No,4,983,0
172.59457389431864,10,Medium,Yes,Yes,No,3,1873,0
354.13062280359077,17,Medium,No,Yes,Yes,7,252,0
492.27149486486525,22,Medium,Yes,No,Yes,4,138,0
261.41845683701985,21,High,No,No,Yes,2,1209,0
115.78135477106606,17,High,Yes,No,No,3,418,0
194.5010357866685,23,Medium,Yes,Yes,No,5,801,0
553.5047442088302,22,High,Yes,No,No,7,952,0
213.79063218646235,10,Medium,No,Yes,Yes,4,1117,0
157.16216430906925,20,Low,Yes,Yes,Yes,5,1409,0
167.86231341615343,11,Medium,Yes,Yes,No,4,231,0
260.5816036857615,4,Low,No,No,No,8,1358,0
99.07580814063152,22,Medium,Yes,Yes,Yes,2,1484,0
131.9036541748035,8,Low,Yes,No,No,2,1449,0
377.97268722891005,8,Low,Yes,Yes,Yes,6,1690,0
255.3753138387677,21,High,No,No,No,0,454,0
215.4193008574656,9,Low,Yes,No,No,3,627,0
390.72162776148406,21,Medium,Yes,No,No,5,1358,0
109.76229405378304,18,Low,Yes,No,No,4,532,1
153.41219006771763,0,Medium,Yes,No,Yes,2,175,0
249.47163657376728,6,Medium,No,No,No,1,717,0
243.22975087168356,3,High,No,No,No,1,752,0
51.10146891580957,0,Medium,No,Yes,No,3,1692,0
141.65536963261377,14,Low,No,Yes,No,3,1904,0
176.03980444339277,7,Medium,No,Yes,Yes,4,1271,0
269.3526650438121,11,Low,Yes,No,No,5,1018,0
242.61163698211195,21,Medium,No,No,No,5,922,0
188.68715568015705,21,Medium,Yes,No,Yes,2,1046,0
25.692609828720077,17,High,Yes,No,No,6,1764,0
195.92054333417525,14,Low,No,No,Yes,3,1290,0
209.4766833342268,16,Medium,Yes,No,Yes,3,1547,0
875.7597346539445,13,Low,No,No,Yes,4,1243,0
171.65517271567597,13,Medium,Yes,Yes,No,4,1517,0
250.4471426956797,17,Medium,No,No,No,2,374,0
434.4255310657158,19,High,Yes,Yes,No,5,234,0
340.5687235766833,17,Low,No,No,No,3,1005,0
505.5365496733775,15,Low,No,Yes,Yes,3,203,0
51.94946632892237,0,Medium,Yes,No,Yes,5,1229,0
82.44742729923907,22,Low,Yes,No,Yes,4,1433,0
124.47204533306723,10,Low,Yes,Yes,No,6,1805,0
43.11806338227056,14,Medium,Yes,Yes,No,5,66,0
210.8108752329777,11,Low,No,No,Yes,1,1658,0
88.70132526846203,7,Low,No,No,No,6,222,1
549.0250496018508,21,High,Yes,No,No,4,1312,0
101.5441056534347,19,Medium,No,No,Yes,4,1789,0
154.14038614435674,5,Low,No,Yes,No,4,1413,0
354.3554591645103,2,Low,Yes,No,No,4,126,0
63.49656683609922,23,Medium,No,No,No,2,1931,0
40.02997978919893,12,Low,No,No,Yes,2,1484,0
229.98860925331348,12,Medium,Yes,Yes,No,4,608,0
243.02285828997037,1,Low,Yes,No,No,2,419,0
347.2145567788597,4,Medium,Yes,No,Yes,4,1926,0
292.24526640332977,16,Medium,No,No,No,6,1400,0
249.6268404684347,5,Medium,No,No,Yes,2,1808,0
112.06577003450715,1,High,No,No,No,4,821,0
238.1813893964333,3,Medium,Yes,No,No,3,938,0
248.9249112192843,21,Low,Yes,Yes,No,4,1146,0
108.49011513702212,10,Low,Yes,No,Yes,8,1993,0
650.6490623734112,7,Medium,Yes,No,Yes,4,1197,0
282.75282849217314,11,Low,No,Yes,Yes,4,13,0
83.81540945644758,7,Low,No,Yes,Yes,5,1663,0
348.3933486242714,10,High,No,No,Yes,3,32,0
389.4474168484679,21,Medium,No,Yes,No,7,930,0
271.00540185136987,19,Medium,Yes,No,Yes,3,754,0
164.34238057667162,7,Medium,Yes,No,No,4,611,0
104.48224152554518,7,Medium,Yes,Yes,Yes,2,997,0
188.29166356225178,16,Low,No,Yes,No,4,1800,0
257.6431134866762,19,High,No,No,No,4,1125,0
202.02101396299787,19,Low,Yes,No,No,2,478,0
520.2632660385138,22,High,Yes,Yes,No,4,979,0
313.4295403016467,15,High,Yes,No,Yes,3,1188,0
94.43040652535183,13,High,Yes,No,Yes,7,1852,0
75.74251857950685,10,Medium,Yes,No,Yes,4,636,0
284.442133802075,6,Low,Yes,No,Yes,3,216,0
167.34030311632208,15,Medium,Yes,No,No,8,1023,0
332.25745754272316,12,Medium,No,No,Yes,3,90,0
282.63667543037906,14,Medium,Yes,Yes,No,4,624,0
188.92822553115124,23,High,Yes,No,Yes,7,492,0
95.40728172720681,15,Medium,Yes,No,No,5,1998,0
45.143966962382635,20,Low,Yes,Yes,No,3,601,0
235.03448900373476,22,Low,Yes,No,Yes,10,1440,0
62.43018403428386,23,Medium,Yes,No,Yes,5,1136,0
91.94449552868366,8,Medium,Yes,No,No,5,1273,0
224.77275359839777,2,High,Yes,No,No,2,1298,0
209.15386506231505,18,Medium,No,Yes,Yes,3,42,0
70.04663477681784,19,High,Yes,No,Yes,3,44,0
419.0791876228264,4,High,No,No,No,3,1282,0
411.703011653809,9,High,Yes,Yes,No,0,1009,0
290.86970500510375,16,Low,Yes,No,Yes,2,1083,0
290.6213344917577,14,High,Yes,No,No,3,289,0
290.87217469568776,22,Low,Yes,Yes,No,5,1787,0
387.1871936228476,7,Low,No,No,No,4,161,0
318.83704329938985,14,Medium,No,Yes,No,5,1692,0
102.57573728970435,20,Medium,No,Yes,No,3,1584,0
165.50981768451842,13,Low,No,Yes,Yes,3,710,0
815.5838637869385,19,Low,No,Yes,No,2,1570,0
27.778118288552424,6,Low,Yes,No,Yes,3,1789,0
135.43556513633487,20,High,Yes,Yes,No,4,744,0
420.5775067233955,22,Low,No,No,Yes,3,1028,0
108.39201914830039,11,Low,No,Yes,No,3,1263,0
324.8375146019068,16,Medium,Yes,No,Yes,3,674,0
207.14335660762262,16,Medium,No,No,No,6,932,0
115.08539004355707,9,High,Yes,No,Yes,2,1321,0
21.721346054539033,18,Low,Yes,Yes,No,2,1428,0
230.29830239225615,13,Medium,Yes,No,No,1,462,0
100.63311857794132,10,Medium,No,Yes,No,4,629,0
182.74648503297692,1,High,No,No,No,6,1066,0
288.8761163910931,17,Medium,Yes,No,Yes,6,1948,0
366.33747580164936,6,High,Yes,No,No,3,1396,0
135.07588269288286,11,Low,Yes,No,No,9,1144,0
114.90019383890012,1,Medium,No,Yes,No,4,1154,0
61.35672935139561,19,Medium,Yes,No,No,2,25,1
378.55548868757,17,High,Yes,No,No,2,748,0
741.8071170610331,5,Low,Yes,No,Yes,0,1556,0
406.37716598396014,23,Low,Yes,No,No,5,724,0
467.47212631712404,9,Medium,Yes,Yes,No,3,723,0
109.1800914626779,19,Low,No,Yes,No,4,107,0
276.9361998066808,14,Low,Yes,No,No,4,125,0
345.60833987529327,4,High,No,No,Yes,4,974,0
79.57663169175856,19,Medium,Yes,No,Yes,4,1504,0
574.4582575519154,2,Medium,Yes,No,Yes,2,1472,0
50.185612032118,4,High,Yes,Yes,Yes,4,1314,0
516.6788419074941,7,Medium,No,No,No,6,358,0
49.8338553236305,7,Low,No,No,No,5,241,0
83.224519193373,7,Low,No,No,Yes,5,1144,0
280.4700591763605,11,Medium,Yes,No,Yes,2,1385,0
211.00975659263352,23,Medium,Yes,Yes,No,3,1963,0
146.04919598124133,22,Medium,No,Yes,No,3,1045,1
560.0572566467808,7,Low,No,No,No,3,993,0
62.996722572246945,10,Medium,Yes,Yes,No,3,1521,0
177.39506406715915,13,High,No,Yes,No,3,1566,0
305.6874108598686,7,High,Yes,No,Yes,6,648,0
246.7657092246038,23,High,Yes,Yes,Yes,4,294,0
118.21074854423513,9,High,Yes,No,Yes,4,1980,0
121.88527007585242,6,Medium,Yes,No,Yes,7,1666,0
362.6039906710527,16,High,Yes,No,No,0,645,0
374.24295826389243,3,Low,Yes,No,No,5,1952,0
251.4838599394628,12,Medium,Yes,No,Yes,5,554,0
97.10063245986277,3,Medium,Yes,No,Yes,7,401,0
125.16406702940266,4,Low,Yes,No,Yes,2,1203,0
196.77938261562332,21,High,No,Yes,No,2,86,0
218.7324688701867,3,High,Yes,No,No,4,1998,0
297.29233421737064,17,Low,Yes,No,Yes,2,306,0
170.28326671718153,5,High,Yes,No,Yes,4,339,0
357.06146790026656,23,Low,No,Yes,No,4,1096,0
354.3537394409416,23,Medium,Yes,No,No,2,279,0
478.07444196942294,22,Medium,Yes,Yes,Yes,2,225,0
203.2715795084349,21,Medium,Yes,No,No,7,1223,0
254.5402610431967,1,High,No,No,No,1,1108,0
180.5082247936918,22,High,Yes,Yes,Yes,7,1719,0
98.13536190203988,10,High,Yes,No,Yes,1,519,0
730.8115463802155,13,Low,Yes,Yes,Yes,4,588,0
438.4100073610848,4,High,Yes,No,No,6,1126,0
349.421151414226,5,Low,No,Yes,No,7,1086,0
198.10873112306282,9,High,No,No,No,4,505,0
90.71377250531526,7,Medium,No,Yes,No,5,957,0
392.2912691463843,13,Low,No,Yes,No,4,103,0
178.07205488434056,23,Medium,Yes,No,No,1,634,0
271.03395812667776,2,Low,Yes,Yes,No,3,238,0
124.76285424677678,11,Low,No,No,Yes,3,259,0
240.4010101973984,15,Medium,Yes,Yes,No,2,1424,0
131.2958475144294,22,Low,No,No,No,2,730,0
135.54234237200433,16,Low,Yes,No,No,6,989,0
238.1459253900212,0,Low,Yes,No,Yes,6,191,0
49.08785701126904,22,Medium,No,No,No,5,276,0
51.59628943297447,9,Low,No,No,No,7,1013,0
108.06893254835057,22,Medium,No,Yes,Yes,7,290,1
168.72181854612705,9,Low,Yes,Yes,No,5,1988,0
364.46314954635443,20,High,No,No,Yes,3,971,0
176.2315579602004,23,High,Yes,No,No,3,676,0
197.14564490874102,1,Low,Yes,No,No,5,1116,0
158.53134520577026,8,High,No,Yes,No,5,1219,0
254.27694356863822,21,High,No,Yes,Yes,2,1894,0
97.26954704720696,12,High,Yes,Yes,Yes,7,1684,0
183.61967208012993,15,Medium,No,No,No,4,1600,0
268.91097510870935,17,Low,Yes,No,Yes,4,540,0
236.76369698791243,18,Medium,Yes,Yes,No,3,1381,0
201.95715595710993,11,Medium,Yes,No,Yes,6,432,0
203.82118050555795,7,Medium,No,No,No,4,990,0
287.49483921741273,16,Medium,Yes,No,No,5,1891,0
753.3839036254737,14,High,No,Yes,Yes,2,463,0
103.12042000226026,9,High,Yes,No,No,9,276,0
767.2022792142068,14,Low,No,No,No,4,516,0
99.09475335951431,14,Low,Yes,No,No,6,1175,0
18.421619433477726,22,Low,No,No,Yes,4,325,0
129.10680113437903,6,High,Yes,Yes,No,4,1709,0
257.75391130024207,12,Medium,No,Yes,Yes,9,773,0
654.1916179176245,16,Medium,No,No,Yes,4,1265,0
90.60770020225783,8,Medium,No,Yes,Yes,3,1330,0
286.2969714723342,7,Medium,Yes,No,No,5,907,0
57.2687933579927,19,Medium,No,No,Yes,1,962,0
639.0467625960251,20,Medium,Yes,No,No,3,884,0
444.00957732126625,17,High,No,Yes,Yes,5,1605,0
135.76510318281728,12,High,No,Yes,Yes,4,925,1
491.603134929398,15,High,Yes,No,Yes,3,31,0
182.7751652773448,8,High,Yes,Yes,Yes,1,393,0
459.5784735203609,11,Medium,Yes,No,No,3,1159,0
200.81345081908202,11,Medium,Yes,No,Yes,5,112,0
207.36684632133532,5,High,No,No,Yes,5,909,0
138.06466551629134,18,High,Yes,No,Yes,1,1985,0
312.84102497718754,6,Low,Yes,Yes,Yes,4,742,0
219.22095366795716,2,Medium,Yes,Yes,Yes,8,119,0
290.75111337854787,15,Low,Yes,No,No,4,1603,0
44.0464486191567,17,Medium,Yes,No,No,1,1505,0
470.4156888713419,15,Medium,No,No,No,5,1098,0
549.394939117395,22,Medium,Yes,No,No,7,1505,0
218.46079065974018,6,Low,No,No,No,4,1603,0
719.244797028587,3,Medium,Yes,Yes,No,5,679,0
613.8049987693374,7,High,Yes,Yes,Yes,3,1109,0
317.56702098395954,12,Low,No,No,Yes,2,1052,0
495.7793558443511,12,Medium,Yes,Yes,Yes,7,393,0
412.8629097907798,16,Medium,Yes,No,Yes,2,199,0
32.53556410844317,16,High,Yes,No,Yes,4,771,0
161.09955827351357,4,Low,Yes,No,No,4,369,0
333.02769282716844,5,High,Yes,No,Yes,4,884,0
573.2708758054254,18,Medium,Yes,Yes,No,3,895,0
53.33327019772231,12,High,Yes,Yes,Yes,3,1485,0
35.15868863778936,13,High,Yes,No,Yes,4,88,0
191.51741931082765,21,Low,Yes,No,No,2,605,0
20.26354144750848,3,Low,Yes,No,No,2,1205,0
186.5088413076022,6,Low,Yes,No,Yes,5,1245,0
262.3385420365123,7,Medium,Yes,Yes,No,4,895,0
86.87109546275896,12,Low,No,No,No,3,1024,0
190.44609503630005,5,Low,Yes,No,Yes,2,1478,0
387.4617211459664,5,Medium,No,Yes,Yes,7,158,0
128.58648924013025,23,Low,Yes,No,No,2,19,0
100.59861572408707,20,Low,No,No,No,1,1575,0
183.87292686488567,2,Medium,Yes,No,Yes,5,801,0
78.67040444873508,2,Low,No,Yes,No,5,1977,0
684.8891999438595,12,Medium,No,No,Yes,1,1088,0
205.5128976677539,21,Medium,Yes,Yes,No,4,881,0
110.00418087400823,1,Medium,No,Yes,Yes,9,1672,0
235.01485098739926,15,High,Yes,No,No,4,189,0
183.09803769660152,21,Medium,Yes,No,No,2,753,0
167.68349522334688,5,Medium,No,No,Yes,3,390,0
128.5583873637138,7,Medium,No,Yes,Yes,5,1455,0
123.4000091898288,22,High,Yes,Yes,No,5,460,0
45.12422264905861,7,High,Yes,No,No,8,1126,0
495.28088193273743,5,High,No,Yes,Yes,0,1553,0
303.27634924218785,13,Medium,No,Yes,Yes,2,1446,0
252.1975388014776,2,Low,No,Yes,No,2,1792,0
180.83040252012572,9,Low,No,No,No,4,403,0
85.48702507930463,2,Low,Yes,Yes,Yes,7,974,0
104.21972783781013,11,High,No,No,No,3,1364,0
50.67331487140188,16,Medium,Yes,Yes,No,7,1741,0
115.62505672735603,4,High,Yes,Yes,Yes,5,442,0
74.8817224462919,19,Medium,Yes,No,Yes,5,963,0
591.761584491061,8,High,Yes,Yes,Yes,3,1196,0
370.0338003102926,20,Low,Yes,No,No,4,955,0
212.22687522821667,19,Low,No,Yes,No,3,1073,0
94.04330082189193,6,Medium,Yes,No,No,9,775,0
78.50386602130224,21,Medium,Yes,Yes,Yes,5,917,0
171.93827163389523,3,Medium,No,Yes,Yes,4,94,0
380.53011931804446,12,High,Yes,No,No,7,793,0
52.15682339957798,12,Low,Yes,No,Yes,10,1623,0
300.5064463171255,9,Medium,Yes,Yes,No,3,1758,0
115.18807179802215,17,Medium,No,No,No,3,825,0
133.6285676479453,16,Low,Yes,No,Yes,1,1800,0
207.6115054911719,19,High,Yes,No,Yes,1,1124,0
96.91365401032606,19,High,Yes,No,Yes,6,1517,0
165.21920635750556,12,High,Yes,Yes,Yes,3,1418,0
89.77421270907566,16,High,Yes,No,No,6,1226,0
123.2930288224049,21,High,Yes,Yes,Yes,3,1286,0
341.3332562869664,3,Low,Yes,Yes,Yes,4,1823,0
215.78654501486335,0,High,No,No,No,5,1688,0
340.4481391083977,0,Medium,Yes,No,Yes,1,1277,0
113.9079789638673,14,Low,Yes,No,No,5,1757,0
302.0596452584048,12,Low,Yes,No,Yes,3,716,0
38.9760656984254,16,High,Yes,No,Yes,7,279,0
207.54215714342115,23,High,No,Yes,Yes,6,850,0
316.1388607016972,7,Low,Yes,No,Yes,3,1052,1
37.23336665908352,17,High,Yes,Yes,No,2,1073,0
115.06012396825083,12,High,No,No,No,2,1643,0
207.43320254661768,22,Low,Yes,No,Yes,4,525,0
399.9072739315165,13,Low,Yes,Yes,Yes,2,1066,0
123.27950323367473,7,High,Yes,No,Yes,2,1844,0
293.8165727775661,7,Low,Yes,Yes,Yes,6,1710,0
516.7649875768661,14,Medium,Yes,Yes,Yes,6,459,0
303.3817006990994,12,Low,Yes,No,No,4,1572,0
170.1646226313012,6,Medium,Yes,Yes,No,6,694,0
263.18364765064325,4,High,No,No,Yes,3,1882,0
120.26441283558151,16,Medium,Yes,No,No,1,634,0
213.71657892543837,15,High,Yes,No,No,5,1979,0
176.83901368016143,22,High,Yes,No,Yes,3,894,0
256.99266972482144,1,High,Yes,No,No,4,1925,0
142.73745558394293,21,Medium,Yes,No,No,5,1640,0
267.5432514369268,17,Low,No,No,Yes,7,328,0
141.61362501810447,16,Medium,No,No,No,2,1778,0
367.5841887274186,6,Low,No,No,Yes,4,1679,0
153.6250054538482,12,High,No,Yes,Yes,2,1157,0
21.266746888861626,17,Medium,Yes,Yes,No,4,1405,0
80.95061658906707,13,Medium,Yes,No,Yes,3,1384,0
202.86695401263253,17,Low,Yes,No,Yes,5,1356,0
588.3503914512395,12,High,Yes,No,Yes,6,497,0
357.97174221258035,10,High,No,No,No,1,460,0
15.800361832623668,20,Medium,Yes,No,No,3,362,0
47.25868585285488,20,High,No,No,No,1,1149,0
434.6675407958956,15,Low,Yes,No,No,5,964,0
314.91893929896753,22,Medium,No,No,Yes,6,1046,0
798.3219360709707,16,High,No,Yes,Yes,2,1950,0
136.94291367418182,7,Medium,No,No,No,4,329,0
95.11903701901409,18,High,No,No,No,2,1198,0
211.29312472728762,19,Low,Yes,Yes,Yes,7,1753,0
134.75270933099813,14,Low,No,No,Yes,2,94,0
407.6396619546644,8,High,No,Yes,No,1,257,0
130.9365530557475,19,Low,No,No,No,3,1465,0
161.03678643196156,9,High,No,No,No,9,577,0
83.46176441813063,11,High,No,No,Yes,6,693,0
341.68679129331434,20,Low,No,No,No,4,1686,0
88.45459304790415,22,Medium,Yes,No,No,4,653,0
271.1294811105852,19,Low,No,No,No,3,488,0
654.404986748279,0,Medium,Yes,Yes,No,4,722,0
31.621817475437005,19,Low,Yes,No,No,3,377,0
532.8194017617742,8,Low,Yes,Yes,No,6,1834,0
246.58339804973838,21,Medium,Yes,Yes,No,6,1966,0
71.40087054256472,14,Medium,Yes,Yes,No,5,1854,0
217.43056450364153,0,High,Yes,No,No,0,366,0
334.8208550363862,11,High,Yes,No,Yes,2,417,0
100.8337968711186,2,High,Yes,No,No,2,1378,0
282.29164718707705,10,Medium,Yes,Yes,No,4,188,0
562.2668814054125,1,High,No,Yes,No,10,1458,0
130.7965219916984,15,Medium,No,No,Yes,3,1574,0
82.52738540577234,8,High,No,No,No,9,1476,0
181.13921638283708,14,High,No,No,Yes,11,1969,0
208.75767264327774,11,Medium,No,Yes,No,1,1852,0
421.9115889728153,0,Medium,Yes,Yes,No,4,1339,0
176.50660052028206,12,High,No,No,Yes,2,376,0
140.8891649386335,13,High,No,No,No,4,1069,0
80.6104904279545,7,High,Yes,Yes,Yes,2,472,0
37.57094689241146,7,Low,Yes,Yes,Yes,1,1654,0
59.330450736472606,11,Medium,No,No,No,4,837,0
58.978485803658344,0,Low,Yes,No,Yes,3,1179,0
162.4195643708811,10,High,No,No,Yes,4,1821,0
45.81950571680718,7,Low,Yes,Yes,Yes,4,1934,0
191.70604172627984,9,High,Yes,Yes,Yes,7,155,0
644.9452942476713,18,Low,Yes,No,No,3,389,0
430.2148845657006,10,Low,Yes,Yes,Yes,4,177,0
161.1690598541853,6,Medium,Yes,No,No,3,1802,0
922.217516885747,10,High,No,No,Yes,9,1308,0
209.31506819671128,16,Low,No,Yes,Yes,6,96,0
232.28341962896494,0,Medium,No,No,Yes,7,163,0
178.45902120918961,20,Medium,Yes,No,No,3,506,0
194.9686753009072,20,Low,No,No,No,5,1830,0
127.07294229937013,7,Low,Yes,No,No,5,324,1
163.04256598412707,22,High,Yes,Yes,No,6,1864,0
535.1893742221964,23,Medium,Yes,No,Yes,2,1643,0
461.8127723521306,5,Low,Yes,No,No,3,732,0
20.06393328379283,21,High,Yes,No,No,1,1991,0
51.59328098343303,17,High,Yes,Yes,Yes,1,1593,0
102.08107209513535,5,Medium,No,No,Yes,6,1863,0
382.79459013058965,4,Medium,No,No,No,5,1307,0
468.7403686462169,12,High,Yes,No,Yes,0,1739,0
333.9273141192478,18,High,Yes,No,No,3,773,0
71.12347028997972,21,High,Yes,No,Yes,7,1828,0
129.24973204764598,7,Medium,Yes,No,Yes,3,271,0
285.79655507576933,8,Medium,No,No,No,6,496,0
165.03141623238827,16,High,Yes,Yes,No,8,463,0
147.37134972764224,2,Low,No,No,Yes,2,452,0
149.1293079091254,18,Medium,No,Yes,No,2,1295,0
438.72873754763185,10,High,Yes,No,Yes,7,552,0
306.67187250567923,23,Medium,No,Yes,Yes,3,1138,0
155.77592121654612,16,Medium,Yes,No,No,4,359,0
254.8982405800191,20,Medium,Yes,Yes,No,3,833,0
62.04780972254777,18,Low,Yes,No,Yes,2,447,1
129.45796331412134,1,Medium,Yes,No,Yes,4,178,0
410.5026536876931,7,High,Yes,Yes,No,0,1781,1
42.78662192400267,18,Low,Yes,No,Yes,8,1819,0
309.33876317115715,6,Low,No,No,No,5,1376,0
19.779672753017906,16,High,No,No,No,2,1263,0
594.7406582044174,5,Low,No,No,Yes,4,32,0
126.9019269444915,18,Low,Yes,Yes,No,2,997,0
268.4251917139322,23,High,No,No,No,2,685,0
218.22312052328834,5,High,No,Yes,Yes,3,290,0
224.19996275607107,1,Medium,No,No,Yes,6,1552,0
251.57451584693823,5,High,No,No,Yes,8,731,0
34.829817420054624,22,Low,No,Yes,No,5,262,0
227.65533315037854,4,High,Yes,No,No,5,413,0
172.82997862785905,18,Medium,No,Yes,Yes,3,142,0
127.49304008719392,19,High,Yes,No,Yes,1,1307,0
102.03279207645662,3,Medium,No,Yes,Yes,1,627,0
231.90029123806158,21,Medium,Yes,No,No,6,241,0
83.49558990570307,16,Medium,Yes,Yes,Yes,3,554,0
405.5551933979216,10,Medium,Yes,No,No,5,88,0
282.5118076386118,3,High,No,No,Yes,5,1068,0
242.343783121393,12,Medium,Yes,Yes,No,2,504,0
394.1320569464282,19,Medium,Yes,No,No,5,1143,0
28.889111069447804,16,Medium,No,No,No,7,1354,0
60.048868934042154,8,Medium,No,No,Yes,6,1608,0
291.39178124630195,3,High,Yes,No,No,3,337,0
107.32045386615536,22,High,Yes,No,Yes,4,976,0
119.43496620505682,13,Medium,No,Yes,Yes,5,1842,0
51.646699091676545,18,High,No,Yes,No,1,699,0
83.71207451899862,2,High,Yes,No,No,4,393,0
411.6628380980929,13,Medium,No,No,Yes,6,1397,0
286.5722905570431,7,Medium,Yes,Yes,Yes,7,1265,0
230.0230045646549,23,High,No,Yes,No,5,1649,0
123.4202669175812,0,Medium,No,No,No,3,1447,0
219.5033878439473,9,High,Yes,No,Yes,1,1327,0
436.1037492475988,17,Medium,Yes,Yes,No,4,556,0
109.64568246328636,15,Medium,No,No,Yes,5,1739,0
194.62842668041228,7,Low,No,No,No,3,1207,0
618.8768746657739,0,Medium,Yes,No,No,7,401,0
330.90146629805815,11,High,No,Yes,Yes,5,1135,0
124.90516722192042,7,Medium,No,No,No,1,1869,0
312.62397729188746,23,Medium,Yes,No,Yes,11,1326,1
42.03764329542974,15,High,No,Yes,No,1,1118,0
188.68901646049875,17,Medium,Yes,No,No,3,918,0
312.38661349641836,3,Medium,No,Yes,No,3,1234,0
264.87121445791945,5,High,Yes,Yes,Yes,3,694,0
310.28780477322545,11,High,Yes,No,Yes,4,550,0
359.0042125649624,8,Low,Yes,No,Yes,1,306,0
279.9030310995309,14,Medium,No,Yes,No,2,65,1
274.21202739072004,15,Medium,No,No,No,3,1505,0
233.93104594003438,23,Medium,No,No,No,6,1049,0
74.92128068775865,11,Medium,No,No,Yes,6,1685,0
411.54028373580854,23,Medium,Yes,No,No,3,75,0
193.93451326191962,22,Low,No,Yes,No,6,967,0
325.2450246140773,13,Medium,Yes,No,No,3,1692,0
383.41714072476833,12,Low,No,No,Yes,6,1703,0
130.233678536889,1,Medium,Yes,No,Yes,5,1945,0
139.9572215669297,2,High,No,No,No,2,1505,0
155.82501611206075,23,High,No,Yes,No,3,1942,0
464.43508722543174,21,Medium,No,Yes,Yes,2,1614,0
90.95607209893839,9,Low,Yes,No,No,3,1056,0
518.3445172550009,8,Low,Yes,No,Yes,5,711,0
232.02162855583995,19,Medium,Yes,No,No,4,769,0
244.2894480854286,7,Low,No,No,No,3,495,0
371.90267204655623,9,Medium,Yes,Yes,Yes,1,1448,0
213.02012495871,18,Low,No,No,No,3,830,0
414.63762690718886,2,High,Yes,No,Yes,6,897,0
130.08898020485657,23,Medium,Yes,Yes,Yes,3,1690,0
507.42269606353557,4,Low,No,No,No,1,1929,0
138.61754675016232,2,High,Yes,No,Yes,4,1338,0
520.219431082343,15,Medium,No,No,Yes,1,186,0
141.71181695847818,16,Low,No,Yes,Yes,7,204,0
159.44519139630165,14,Medium,Yes,Yes,Yes,5,1955,0
81.285533657548,2,Medium,Yes,Yes,Yes,4,1046,0
103.0756004897819,11,High,Yes,No,Yes,5,885,0
194.67461835519833,8,Low,Yes,Yes,No,3,175,0
238.52288389381596,20,Medium,No,No,Yes,2,1183,1
394.52945313408645,11,Low,Yes,No,No,1,1374,0
168.64690592337612,14,Low,Yes,No,Yes,1,1958,0
265.2846735173369,1,High,Yes,No,Yes,6,566,0
226.9107954754266,22,High,Yes,No,Yes,4,1207,0
286.40168518043805,17,Medium,Yes,No,No,3,176,0
116.57729433421306,19,Medium,No,No,No,6,718,0
128.50118669028592,11,Low,No,No,No,4,727,0
116.61544255671551,22,High,No,No,Yes,5,1627,0
446.53910539542824,3,Low,No,No,No,3,1613,0
510.6446731777794,22,Low,Yes,Yes,Yes,6,106,0
123.97035511433413,15,Medium,No,No,Yes,4,688,0
126.06824090660002,22,Medium,Yes,No,No,5,413,0
314.9503818067407,15,Medium,Yes,Yes,Yes,7,1110,0
548.2875704096141,0,Low,Yes,Yes,No,4,1270,0
627.1631551217556,21,Medium,Yes,Yes,Yes,3,1741,0
119.29540078881385,1,Medium,No,No,No,8,300,0
145.7494072612831,2,Low,Yes,Yes,No,3,145,0
247.63525931693064,20,High,No,No,No,6,1853,0
256.41707607855517,19,Low,Yes,Yes,Yes,6,1841,0
173.82079300653237,16,Medium,Yes,Yes,Yes,2,898,0
100.06805562494961,19,Medium,No,No,No,1,890,0
194.91176213108807,21,Low,Yes,Yes,Yes,5,376,0
626.7252135812629,20,Medium,Yes,No,No,4,557,0
130.0514365220606,0,High,Yes,Yes,No,6,911,0
236.71090592434177,19,Low,No,No,Yes,4,257,0
902.4348993262802,5,High,No,Yes,No,7,775,0
128.5159732687742,14,Medium,Yes,Yes,No,5,1247,0
325.3287536212786,13,Low,No,No,Yes,4,1797,0
644.1851866568043,19,Medium,No,No,Yes,2,79,0
306.16818329883546,14,Medium,No,Yes,Yes,2,755,0
425.6203649604793,13,High,No,No,Yes,6,1005,0
355.93771188963507,20,High,Yes,No,No,5,338,0
289.32902019255414,23,High,No,Yes,Yes,2,1049,0
499.62775690303874,4,High,Yes,Yes,No,1,1520,0
318.2705043258491,5,High,Yes,No,Yes,5,1207,0
175.2112483749053,16,Medium,No,No,No,2,708,0
223.60065468880893,10,Medium,No,No,No,7,815,0
262.72393532325987,15,Medium,Yes,No,Yes,4,1770,0
145.04332549281656,11,Low,Yes,No,Yes,3,283,0
231.08971976831074,14,High,No,Yes,No,3,533,1
207.280517951842,22,Medium,Yes,Yes,No,4,1855,0
317.5898422740719,3,Low,Yes,Yes,Yes,4,228,1
757.1678883972396,17,Low,Yes,No,Yes,2,1033,0
241.17543760601197,20,Medium,Yes,No,Yes,5,1976,0
557.4257027616407,2,Medium,No,No,Yes,8,522,0
309.7298096201682,21,Medium,Yes,No,No,4,1432,0
230.32465096906117,7,Medium,No,No,No,6,1144,0
138.50460888421608,22,Medium,Yes,No,Yes,3,473,0
231.60030054012248,2,Medium,No,Yes,No,3,1822,0
221.3149044817163,7,Low,No,No,Yes,5,1674,0
109.96307485414947,17,Low,No,No,No,5,1126,0
125.30684550501087,9,Medium,No,Yes,Yes,3,460,0
264.31374189024115,19,Medium,No,No,Yes,4,1429,0
553.7736315910838,16,Low,Yes,No,Yes,4,1925,1
189.9859586717658,7,Medium,No,Yes,Yes,2,933,0
49.092135006545526,22,Low,No,Yes,No,3,1584,0
79.84131834893704,10,Medium,Yes,No,No,6,942,0
331.0324890984524,4,Medium,Yes,No,Yes,4,488,0
59.9983532716057,12,Medium,No,No,No,4,325,0
367.89404008289137,20,High,No,Yes,Yes,4,680,0
318.5855126215136,22,Low,Yes,Yes,No,5,707,0
185.0258170927354,4,High,Yes,Yes,Yes,3,1002,0
110.81918348055342,23,Medium,No,Yes,Yes,6,1386,0
164.90733370942502,12,Medium,Yes,Yes,Yes,0,777,0
259.64812702941566,5,Medium,No,No,No,3,1272,0
62.01758095321085,4,Medium,No,Yes,No,2,1137,0
517.4058372582679,8,Medium,No,No,Yes,6,916,0
257.931798838855,15,Medium,Yes,Yes,Yes,5,887,0
279.43289299825875,1,Low,No,Yes,Yes,5,1062,0
317.00792142575165,0,Low,No,No,No,5,98,0
484.661119970949,7,Medium,No,No,No,6,384,0
232.01588040296613,18,Medium,Yes,No,Yes,5,1430,0
331.17282643882555,10,Medium,Yes,No,Yes,2,1596,0
112.44867493000021,11,Low,No,Yes,No,5,373,0
628.8449813017249,11,High,Yes,No,Yes,6,1983,0
220.50951771283152,6,High,Yes,Yes,Yes,7,156,0
111.95767528715555,12,High,Yes,No,Yes,5,323,0
138.53494884786426,7,Medium,No,Yes,Yes,3,557,0
26.862846298448872,21,High,Yes,No,No,5,805,0
137.7936867081429,8,High,Yes,Yes,No,3,1485,0
10.475910765615708,6,Medium,Yes,No,Yes,5,908,0
348.1053471607422,20,Medium,No,No,No,4,1539,0
273.4172993444454,23,High,Yes,No,Yes,3,1519,0
84.48569215400366,14,Medium,Yes,No,No,4,110,0
192.69926952716352,1,Medium,Yes,No,No,5,116,0
199.4424160144822,22,Low,No,No,No,1,866,0
68.86833697736107,19,Low,Yes,Yes,Yes,3,946,0
167.68424259371702,11,High,Yes,Yes,Yes,4,300,0
204.19411710634128,0,Medium,Yes,No,Yes,3,1382,0
164.09932095739353,22,Medium,No,No,No,4,626,0
111.85957152965041,21,Low,No,Yes,Yes,4,1766,0
81.4999906936311,7,Medium,No,Yes,No,2,597,0
159.53635734866248,4,Medium,No,No,No,6,1260,0
123.92162955194516,14,Low,Yes,Yes,No,2,605,0
302.464445736219,0,High,No,No,No,2,986,0
504.54863252445426,0,Low,Yes,Yes,Yes,3,1621,0
380.1629938791707,9,Medium,Yes,No,Yes,6,1794,0
209.38085838004343,21,Medium,Yes,Yes,Yes,5,1800,0
115.58593852696495,9,Low,Yes,No,No,6,1083,0
373.2072691412972,20,High,No,Yes,Yes,6,877,0
315.4203204557893,14,High,Yes,No,No,7,979,0
481.38208276090165,16,High,No,No,Yes,4,731,0
232.20038470058785,21,Low,Yes,Yes,Yes,1,167,0
607.4872266686601,5,Low,Yes,No,No,3,337,0
232.25364096989318,2,Low,No,No,Yes,2,1778,0
115.10493411880174,12,Medium,No,Yes,Yes,4,1916,0
134.01249755414236,15,High,No,No,No,5,1110,0
292.42362967986924,7,High,Yes,Yes,Yes,5,744,0
123.63799399015787,14,High,Yes,No,Yes,6,642,0
604.7552962282329,16,High,No,Yes,Yes,2,1487,0
275.4960753463656,16,High,No,Yes,Yes,5,1343,0
205.94543305292083,21,Medium,Yes,Yes,No,5,336,0
219.17742751449603,12,Low,No,No,No,4,517,0
162.71841070867376,16,Medium,No,No,Yes,3,1886,0
36.87770484425445,5,Low,No,No,Yes,3,879,0
134.0954788471205,16,Low,No,Yes,Yes,6,1140,0
556.3627989238113,15,Medium,No,Yes,No,6,250,0
236.82599900248925,13,High,Yes,No,Yes,2,444,0
410.02471643119145,12,Low,Yes,No,Yes,9,1061,0
417.9714876570105,5,High,No,Yes,No,5,713,0
194.09341305615675,2,High,Yes,No,No,8,1282,1
319.03404184187025,13,Medium,Yes,Yes,Yes,4,1397,0
41.70078112405739,13,Low,Yes,No,Yes,5,1758,0
527.0337822015144,14,Low,Yes,No,Yes,5,1566,0
499.03825295704706,7,High,No,No,Yes,3,1505,0
286.7125611532729,14,High,No,No,No,4,1700,0
243.1624183128761,21,High,Yes,Yes,No,5,1572,0
196.06724331886315,12,Medium,Yes,No,No,1,598,0
442.24260130162,16,Low,No,No,Yes,6,1851,0
344.95391529481935,20,Low,No,Yes,Yes,3,422,0
148.94151846283273,23,High,No,No,Yes,5,1968,1
71.8555100974847,2,Low,Yes,No,Yes,2,578,0
59.00575859144732,5,Medium,Yes,No,No,3,1664,0
439.1203856498555,4,Medium,Yes,Yes,Yes,5,1198,0
192.81880118759963,21,Low,No,No,Yes,4,998,0
283.3792967496213,16,Low,No,No,Yes,4,1609,0
212.1388211088527,22,Medium,No,Yes,Yes,2,1081,0
59.81194610426764,1,Low,Yes,No,Yes,7,1695,1
42.78924169568366,14,Low,No,No,No,7,493,0
140.7378567809717,4,High,No,No,Yes,6,1191,0
150.70347105375288,19,High,Yes,Yes,No,3,677,0
150.6258003112596,5,Low,Yes,No,Yes,5,160,0
154.19592950147938,5,High,Yes,No,Yes,7,234,0
725.0787404876256,17,Medium,Yes,No,No,3,1293,0
405.83517148245676,17,Medium,Yes,No,Yes,6,1420,0
239.32074247521757,3,High,Yes,Yes,No,1,265,0
189.11138647054642,16,High,Yes,Yes,Yes,5,70,0
194.28879816943186,13,High,Yes,No,No,5,1897,0
336.32440510674815,13,Low,Yes,Yes,No,2,1805,0
187.75423740279206,12,Low,No,No,No,2,1866,0
378.19190698095963,6,High,Yes,Yes,No,7,405,0
258.6231398612353,11,Medium,No,No,No,5,1430,0
729.337810064964,22,Low,Yes,Yes,Yes,5,1195,0
179.14491455635783,14,High,No,No,No,8,389,0
425.48690141775967,18,High,Yes,Yes,No,4,1476,0
78.2831756164794,10,High,No,Yes,Yes,1,358,0
118.09410228632203,14,Medium,Yes,Yes,Yes,3,40,0
667.2012691376042,11,High,No,No,No,4,80,0
367.33855356813655,2,Low,Yes,Yes,Yes,6,406,0
287.0380074243586,16,Low,No,Yes,Yes,8,1471,0
851.18649894039,2,Medium,Yes,Yes,No,7,11,0
191.20587283196096,18,Low,Yes,No,Yes,3,938,0
424.8064183698105,19,Medium,Yes,Yes,Yes,6,571,0
446.01367309570566,3,Medium,No,Yes,No,3,1168,0
574.7776827325616,2,Medium,No,Yes,Yes,3,155,0
69.78716139783108,15,Low,No,No,No,5,188,0
190.22737083612114,11,Low,Yes,No,Yes,5,273,0
255.37737435442952,7,Medium,Yes,No,Yes,3,1344,0
568.6243747660465,23,Medium,No,No,Yes,3,213,0
278.810127908263,16,High,Yes,No,No,7,1844,0
446.6592524333099,6,High,No,Yes,Yes,2,708,0
63.731641350757215,10,Medium,No,No,Yes,3,1063,0
157.35271664166274,17,High,No,No,Yes,3,68,0
497.78971113338787,0,Low,Yes,No,Yes,0,1042,0
174.36813524090238,2,Low,Yes,No,Yes,6,997,0
202.42321695940092,3,High,Yes,No,Yes,6,1357,0
562.6738347473074,12,Medium,No,No,No,8,176,0
95.3914278688396,5,High,Yes,No,Yes,0,1370,0
116.44527079289607,13,Medium,Yes,Yes,No,4,916,0
57.07675310700051,4,High,Yes,Yes,No,3,1412,0
577.4698368709318,15,Medium,Yes,Yes,Yes,3,907,0
400.7744538891803,14,Medium,No,Yes,Yes,5,800,0
393.90673386713524,14,Medium,No,No,No,4,1736,0
153.77995962549406,3,High,Yes,Yes,No,3,251,0
52.727702125435464,7,Medium,Yes,Yes,Yes,8,1823,0
38.05359809807153,15,High,No,No,No,3,1990,0
500.2309099772534,15,Low,Yes,No,Yes,4,1699,0
300.6974994344567,3,Low,No,No,Yes,5,917,0
342.1164748748619,12,Medium,No,Yes,Yes,4,1193,0
246.80127467614486,12,Medium,Yes,Yes,No,5,786,0
104.4592892979927,1,High,Yes,No,No,2,1268,0
159.59302298464573,2,Medium,No,No,No,4,1486,0
82.61445878912006,21,Medium,Yes,Yes,Yes,7,1891,0
73.12188215204772,7,Medium,Yes,No,Yes,5,208,0
378.6632754958971,23,Medium,Yes,No,Yes,5,1510,0
42.022536050897955,14,High,Yes,No,No,2,1066,0
83.14003517102745,10,Low,No,No,Yes,4,417,0
167.17936166490986,8,Medium,No,Yes,Yes,6,1122,0
216.77289131811017,6,High,No,No,Yes,6,1640,0
56.34554461626634,12,High,Yes,No,No,2,230,0
276.29298188879744,1,Medium,Yes,Yes,Yes,2,1102,0
236.73277900984493,7,Medium,No,No,Yes,5,1327,0
494.50606443999095,6,Low,Yes,Yes,Yes,2,1270,0
219.55081204765136,23,Medium,No,No,No,3,1940,0
296.5263656414385,11,High,Yes,Yes,No,2,1193,0
109.76867092224028,18,Medium,No,No,No,1,1865,0
113.87847960386341,6,Low,Yes,Yes,Yes,6,849,0
62.56398291032948,9,Low,Yes,No,Yes,3,797,0
110.71500524694916,15,Low,Yes,No,No,7,1323,0
157.69806900053356,2,Low,Yes,No,Yes,2,1912,0
462.2613399631758,9,Low,Yes,No,Yes,5,563,0
96.49402585531794,5,Medium,No,No,Yes,4,1937,0
750.3749670534439,17,Low,No,No,No,5,587,0
315.1276174265566,17,Low,No,Yes,Yes,1,542,0
271.198596285237,4,Medium,No,Yes,No,6,344,0
206.8643113623779,20,Low,Yes,Yes,No,3,1030,1
178.07999526311173,6,Low,Yes,Yes,Yes,4,1615,0
125.46913029792225,1,Medium,Yes,No,Yes,3,1806,0
53.99698841909802,10,Low,No,Yes,No,3,1535,0
99.54394576451288,12,Medium,Yes,No,No,3,255,0
576.5598640250752,22,Low,No,No,No,3,1356,0
301.73029815358643,4,High,Yes,No,No,6,1780,0
573.2024428631163,5,High,No,No,Yes,1,1972,0
122.74292805289886,23,High,No,No,No,5,1817,0
80.38649335016189,13,Medium,Yes,Yes,Yes,6,620,0
205.3267918192766,11,High,Yes,Yes,No,2,338,0
102.85909075458223,3,Medium,No,No,No,5,556,0
238.44818122774024,22,Low,Yes,No,No,2,348,0
42.82728292875903,5,Medium,Yes,No,No,5,1204,0
22.84784225997417,9,High,No,No,No,7,1143,0
263.72550665038625,17,Medium,Yes,No,Yes,2,1003,0
587.1219675075893,14,Low,No,No,No,5,816,0
272.1904991524297,7,High,No,Yes,Yes,3,1043,0
299.5639730563702,8,High,Yes,No,No,6,1235,0
212.0072889506279,4,Low,Yes,No,Yes,1,1949,0
227.40131327349582,9,Medium,Yes,Yes,Yes,2,1290,0
51.204854141533154,19,Low,No,Yes,No,1,1295,0
106.32244636870945,5,High,Yes,No,No,4,702,0
459.1137813116548,15,Low,No,Yes,Yes,3,439,0
154.87773310410554,23,Medium,Yes,Yes,No,2,1540,0
452.9423573740842,2,High,Yes,No,No,6,1099,0
222.76783566825898,9,Medium,Yes,Yes,No,6,815,0
231.2518211277785,10,Medium,Yes,No,Yes,4,1706,0
155.83231720711638,10,Medium,Yes,Yes,No,4,1612,0
330.97878274402916,16,Low,Yes,No,No,3,621,0
387.8374161108759,3,Medium,Yes,No,Yes,2,1622,0
101.27457164584922,3,Low,Yes,No,No,5,44,0
56.531668686608874,16,Medium,Yes,Yes,No,5,566,0
29.08869084243587,8,Low,No,No,No,3,1695,0
289.47118203029083,18,Medium,Yes,No,Yes,5,500,0
266.44006178681184,4,High,Yes,No,Yes,5,1613,0
888.1565086069029,21,High,No,No,No,3,263,0
212.94667781472492,23,Medium,Yes,No,Yes,2,26,0
185.06791809914168,5,Low,No,No,No,5,270,0
244.3500024274415,2,Medium,Yes,Yes,Yes,4,1758,0
254.09140290694074,21,High,Yes,Yes,Yes,3,1858,0
174.10134996444845,0,Low,No,No,Yes,3,1289,0
104.28049173793647,19,High,Yes,Yes,No,5,737,0
204.39765028138285,21,Medium,No,No,Yes,4,1896,0
198.5906147479435,15,High,Yes,No,No,1,1457,0
196.14784020387373,22,High,No,No,No,3,510,0
355.32017743527575,10,High,No,Yes,No,4,1025,0
201.60811185905484,12,Medium,Yes,Yes,No,3,295,0
57.835791453353906,9,Low,No,No,Yes,1,1971,0
119.65543721390335,2,Medium,Yes,No,Yes,4,16,0
172.41035918153125,8,Medium,No,No,Yes,5,1530,0
208.90516306731976,11,Low,Yes,Yes,No,3,1925,0
293.7942660506967,22,Medium,No,Yes,No,2,1232,0
210.15553408822788,13,Medium,Yes,Yes,Yes,6,1636,0
23.520685900774016,0,Medium,Yes,No,Yes,4,668,0
65.03509801386684,17,Medium,No,Yes,No,3,946,0
308.0804862979713,16,Low,No,Yes,Yes,9,1451,0
168.72241063927996,8,High,Yes,Yes,No,1,1695,0
223.9268559856944,8,Low,Yes,Yes,Yes,2,61,0
152.19208335303122,22,Medium,Yes,No,No,5,252,0
119.22801490224845,9,Medium,Yes,No,Yes,2,1252,0
156.7058479462955,18,High,Yes,Yes,Yes,7,527,0
225.92162771841967,14,Low,No,Yes,Yes,2,979,0
200.47225863990167,4,Medium,Yes,Yes,Yes,4,118,0
386.117906057694,14,Medium,No,Yes,Yes,4,1384,0
46.88594301621789,19,Low,No,Yes,Yes,4,930,0
54.18645169043697,22,Medium,Yes,No,No,4,75,0
167.1611816781973,1,High,Yes,Yes,Yes,4,1043,0
296.1568314738,12,High,Yes,Yes,No,5,211,0
342.1666813331793,23,Low,Yes,Yes,Yes,9,1827,0
123.32231095934576,15,Low,No,No,No,5,910,0
7.2526592753094965,14,Medium,Yes,No,No,6,223,0
126.75037582931084,9,Medium,No,No,Yes,3,77,0
267.0454923363726,13,Low,Yes,No,Yes,6,768,0
197.63757167011954,9,Low,Yes,No,Yes,4,875,0
303.8358430185117,13,High,Yes,Yes,Yes,4,336,0
448.5414527406609,22,High,Yes,No,No,4,1083,0
176.43225328289583,8,Low,Yes,Yes,No,8,1050,1
138.88710433724083,13,Medium,Yes,No,No,2,532,0
91.85729383858543,2,Medium,No,No,No,4,1854,0
53.86132152876782,19,Low,No,No,No,4,1339,0
39.70865132164851,15,Medium,Yes,No,No,2,1425,0
113.22290095305969,1,Medium,Yes,No,No,4,997,0
408.22886232488025,9,High,Yes,No,Yes,3,1157,0
324.4797686550465,2,High,Yes,No,Yes,10,1013,0
133.53552393670293,10,Medium,Yes,No,Yes,3,513,0
754.9323541400456,10,Medium,Yes,No,No,6,1258,0
120.07360606095331,20,Low,Yes,No,Yes,7,765,0
477.0400485408987,20,Medium,Yes,No,Yes,3,1351,0
552.5487211050557,21,Medium,Yes,Yes,Yes,8,482,0
280.0565859508612,12,Low,Yes,Yes,Yes,5,1877,0
112.30910533552945,6,Low,No,No,No,2,1924,0
148.57517297613538,22,Low,Yes,No,Yes,2,867,0
229.99650734658164,16,High,Yes,No,No,3,550,0
55.47782356303226,1,Low,Yes,No,No,5,1391,0
84.08182793488969,11,Low,No,No,Yes,2,1516,0
77.70392226708312,9,Medium,No,Yes,No,3,878,0
295.1898094141306,17,Medium,No,Yes,No,5,887,0
445.66308525011493,21,Low,Yes,Yes,Yes,5,949,0
333.3348895509018,10,High,Yes,Yes,Yes,4,886,0
397.39347731821624,15,High,No,No,Yes,2,1462,0
104.17515787391729,16,Medium,Yes,No,No,6,806,0
154.05987868793792,18,Medium,Yes,No,No,3,1530,0
163.6034733305347,17,Low,No,No,Yes,3,481,0
279.26536360720866,2,Medium,Yes,Yes,Yes,3,1604,0
115.95377716901997,20,High,Yes,Yes,Yes,4,1688,0
380.9257392117793,15,Low,Yes,No,No,3,847,0
542.5310710239298,5,Low,Yes,Yes,Yes,1,1897,0
289.4403453217961,11,Medium,Yes,Yes,No,3,1333,0
148.62204481562154,10,Low,No,No,Yes,4,1771,0
96.12639253433986,14,High,No,Yes,No,3,1709,0
77.87741964407974,14,Low,Yes,No,No,7,93,1
23.861083329273555,15,High,No,Yes,No,3,386,0
167.6443750732469,9,Medium,Yes,Yes,Yes,5,1346,0
160.1082700601274,11,High,Yes,Yes,No,3,1662,0
365.11390271014255,12,Medium,No,Yes,Yes,7,1353,0
122.58675206839354,3,Medium,No,No,Yes,3,213,0
175.210733010152,6,High,No,No,No,4,1388,0
247.04883624263803,21,Medium,No,No,No,4,1018,0
286.11121556070816,1,Medium,No,No,No,5,1327,0
336.814867575463,14,Medium,No,Yes,Yes,2,513,0
229.37491280442777,7,High,Yes,No,No,6,1178,0
58.85823772703036,6,Medium,No,Yes,No,2,548,0
268.5292240539043,14,High,No,Yes,No,1,26,0
115.1114845141419,22,Low,No,No,No,3,584,0
459.7044022631256,13,Medium,Yes,No,No,4,1812,0
203.31351083232235,7,High,Yes,No,Yes,3,585,0
239.6638466116605,11,Medium,Yes,Yes,No,2,1024,0
934.4268511823079,12,High,Yes,Yes,No,4,1072,0
340.8799944676712,10,High,No,No,No,6,139,0
265.05070968121896,16,Medium,Yes,Yes,Yes,6,124,0
179.30815605484707,16,Low,Yes,Yes,Yes,6,1483,0
63.971141055596476,23,Low,No,Yes,Yes,8,959,0
169.33444551106047,3,High,Yes,Yes,No,3,1958,0
95.05523497452133,20,High,Yes,Yes,No,5,1078,0
586.2750087611412,7,Low,Yes,No,Yes,4,225,0
267.58451648803776,4,Low,No,No,No,5,1633,0
448.55737488950444,15,Low,Yes,No,No,2,857,0
119.625663733004,3,High,No,Yes,No,2,1448,0
101.3820009671607,21,Medium,Yes,Yes,Yes,4,698,0
318.1798284626246,14,Medium,Yes,No,No,8,1012,0
91.60949297497174,11,Medium,Yes,No,Yes,2,274,0
139.595836059993,4,High,No,No,No,3,1956,0
604.5676478453857,22,Medium,Yes,No,Yes,3,1473,0
144.25726250453346,15,Medium,Yes,Yes,Yes,3,626,0
50.91487075725601,13,Low,Yes,No,No,4,1414,0
32.44012459812064,9,Medium,No,No,Yes,3,1879,0
44.526023109208,6,High,Yes,Yes,Yes,4,310,0
466.2924887507764,12,High,No,No,No,2,994,0
126.10980411699205,19,Low,No,No,No,4,1204,0
915.7261903587574,4,Low,Yes,Yes,No,4,1653,0
546.6519958227855,2,Low,Yes,Yes,Yes,2,415,0
699.5526117219588,14,Medium,Yes,Yes,Yes,7,1388,0
404.29244305343525,3,High,Yes,No,Yes,3,170,0
306.55357983109286,14,Low,Yes,Yes,Yes,3,1828,0
98.13746289762724,13,Medium,Yes,Yes,No,5,1585,0
199.47768665202534,19,Medium,Yes,Yes,Yes,3,35,0
328.44474027757946,18,Low,Yes,No,Yes,5,92,0
387.5009382409527,12,Medium,Yes,No,Yes,2,182,0
70.1452988425284,9,Low,Yes,No,Yes,4,1008,0
171.4735610354308,20,Medium,No,Yes,No,5,1718,0
187.4626612276875,4,High,No,No,No,7,803,0
181.72564273603717,22,Medium,No,No,Yes,2,1103,0
79.59346258223606,19,Low,Yes,No,Yes,5,844,0
646.6837176050917,19,High,Yes,No,Yes,6,15,0
166.92504110916164,5,Medium,Yes,No,No,5,805,0
85.14475486298964,3,High,Yes,No,No,7,1228,0
657.0685925658257,1,Low,Yes,Yes,Yes,2,534,0
546.995370045039,21,Low,No,No,Yes,4,72,0
222.6295880785251,15,Low,Yes,No,No,4,1046,0
136.14107644380255,17,Low,Yes,No,No,2,770,0
40.71126148449893,4,Medium,No,No,No,10,214,0
290.5843997643556,21,High,Yes,No,Yes,3,906,0
128.30474101666644,3,Medium,Yes,Yes,Yes,5,1798,0
195.7676203257744,12,Low,Yes,Yes,Yes,7,49,0
619.3543187587995,18,Medium,Yes,No,No,12,1198,0
120.4602156552705,22,Low,No,No,No,5,1064,0
281.7668048660498,1,Medium,Yes,Yes,Yes,4,1562,0
343.7036100797723,12,Medium,Yes,Yes,Yes,5,1682,0
456.6488008979571,10,High,No,No,Yes,4,886,0
184.88197216161205,21,High,No,No,Yes,2,1865,0
170.0772312037698,3,Low,No,No,Yes,3,834,0
166.9257561823664,21,Medium,No,No,No,4,918,0
262.4809984205365,19,High,Yes,No,Yes,7,1710,0
531.8209598440565,19,High,Yes,No,Yes,6,407,0
160.869421407461,14,Medium,Yes,No,No,6,1492,0
10.468084894803326,3,High,Yes,No,Yes,7,1826,0
370.59574917846925,8,Low,No,No,Yes,2,1256,0
210.55870252626113,6,High,No,No,Yes,6,643,1
291.0495032278835,18,Low,Yes,No,No,4,1111,0
42.459587986048724,18,Medium,Yes,Yes,No,2,1858,0
128.72559277958564,5,High,Yes,Yes,Yes,4,848,0
350.0062093580887,5,Low,No,Yes,No,2,609,0
61.82260889965957,19,Medium,Yes,Yes,Yes,4,634,0
281.31064265976255,14,Medium,No,Yes,No,4,1645,0
194.529102046296,14,High,No,Yes,No,4,1971,0
106.41787330536714,19,High,No,Yes,No,3,947,0
98.90531523770645,8,High,No,No,Yes,4,1848,0
80.29666127285711,3,Medium,No,No,No,3,893,0
209.70838524108063,17,High,Yes,Yes,No,3,1461,0
228.59838328716825,17,Medium,Yes,No,No,4,434,0
148.35845707047866,4,Medium,Yes,No,No,5,396,0
75.64148105233306,19,High,Yes,No,Yes,6,1272,0
275.54136640224925,22,Medium,No,No,Yes,2,1013,0
375.2636661151572,10,Low,Yes,Yes,Yes,2,867,0
312.07017289269123,4,Low,No,Yes,Yes,9,632,0
718.062726587655,21,Low,Yes,No,No,7,99,0
172.98278705832718,3,High,Yes,Yes,No,3,394,0
497.55348289523613,11,Medium,No,No,No,5,1172,0
115.69051167539646,1,High,Yes,Yes,Yes,6,1006,0
99.98071885473999,12,Medium,Yes,Yes,Yes,5,656,0
219.6122788354544,9,Low,Yes,Yes,No,8,1557,0
572.0410137487852,8,Medium,No,Yes,Yes,6,1277,1
158.11339936015378,9,High,Yes,No,Yes,6,1538,0
42.424040504636686,6,Medium,Yes,No,No,3,431,0
370.37712427827347,3,High,Yes,Yes,No,4,1215,0
188.18223495081816,18,Medium,No,Yes,Yes,8,1228,0
249.94453078025936,9,Medium,No,Yes,No,2,883,0
104.67782396289762,2,Medium,Yes,Yes,No,3,1667,0
218.06598711993084,20,High,Yes,No,No,5,62,1
49.68580686177892,18,High,No,Yes,No,4,995,0
653.2113373988223,20,Low,Yes,No,Yes,7,1023,0
418.31780874954694,1,Medium,Yes,No,No,3,1961,0
210.6973808954546,19,Medium,Yes,Yes,Yes,1,1901,0
363.33503051827626,9,High,No,No,Yes,2,694,0
115.95037320457782,1,Low,Yes,No,No,6,188,0
405.75506451962815,1,High,Yes,No,No,2,302,0
152.49064192070313,23,High,No,No,No,3,384,0
143.75791837636677,16,Low,No,No,No,3,1092,0
85.52376290042548,15,High,Yes,No,No,6,1087,0
273.0628042976257,15,Low,Yes,Yes,No,3,1947,1
203.77557428589222,13,Low,No,No,Yes,3,1802,0
508.2511241024897,6,Low,No,No,Yes,7,1278,0
76.43381078751841,20,Low,No,No,Yes,4,1182,0
273.96142376207047,10,High,Yes,No,Yes,7,805,0
446.1077511447738,23,Low,Yes,No,Yes,4,1401,0
231.65058257740543,0,Low,No,Yes,No,3,25,0
150.1251244344716,10,Low,No,Yes,No,2,185,0
227.24948477427392,22,Low,Yes,No,No,5,1573,0
481.4386975106291,20,Low,Yes,No,No,3,1439,1
481.30445975764144,3,Medium,No,No,No,5,1500,0
182.26084328520233,6,Low,Yes,No,Yes,8,1913,0
475.72849471699084,14,High,Yes,No,Yes,4,138,0
196.47817178315586,17,High,Yes,No,Yes,3,1256,0
360.53897093452457,11,Low,Yes,Yes,No,1,893,0
297.2189306454932,16,High,Yes,No,Yes,2,1277,0
145.2410774342232,0,Low,No,No,No,5,435,0
88.43257485906763,10,Low,Yes,No,No,6,363,0
454.0281363970663,0,Low,Yes,No,Yes,5,759,0
540.3787333297496,14,Medium,Yes,No,Yes,6,753,0
269.2920673337934,20,Medium,Yes,Yes,Yes,4,1359,1
196.27500110623618,9,High,Yes,Yes,Yes,3,1637,0
67.30674415159902,6,Medium,Yes,No,No,3,1036,0
446.1853348776055,1,High,No,Yes,No,6,488,0
247.1751157789606,9,Low,Yes,Yes,No,3,985,0
162.51213860990202,23,High,Yes,Yes,No,0,1114,0
367.6243091097884,3,Low,Yes,No,No,2,53,0
55.55341010661378,11,Low,Yes,Yes,No,4,164,0
81.60977302101139,18,Low,No,No,Yes,5,956,0
112.30598408980156,10,Low,Yes,No,No,2,1569,0
290.6455623632084,7,Medium,No,No,Yes,7,1949,0
229.1306126095913,17,High,Yes,No,Yes,0,937,0
315.3258050562459,10,Low,No,Yes,Yes,11,108,0
425.87576876678907,10,High,Yes,No,No,5,1430,0
323.3362855362028,12,Medium,No,No,Yes,4,1913,0
662.3192458800155,2,High,Yes,No,Yes,7,180,0
425.20453046193137,11,Low,Yes,No,No,5,157,0
181.9242894874685,2,Medium,No,No,No,1,132,0
128.0022193860394,9,High,No,Yes,No,7,121,0
186.2999406519555,16,Medium,Yes,Yes,No,3,1032,0
331.26998929963395,21,Medium,Yes,No,No,4,1021,0
139.83635057613375,1,Low,Yes,Yes,No,3,1163,0
337.6779931423316,16,Low,No,Yes,Yes,6,77,0
311.2816323234647,15,Medium,Yes,No,No,3,1892,0
87.26629422991086,1,High,Yes,Yes,No,6,837,0
419.82312576321675,21,Low,No,Yes,Yes,3,1762,0
262.46647798283027,19,Medium,No,No,Yes,3,1933,0
641.3095259605336,5,Medium,No,No,Yes,2,901,0
197.00658722358045,9,Medium,No,Yes,No,5,1641,0
156.6123705379502,9,Medium,No,No,Yes,2,1690,0
77.14670994083708,7,High,Yes,No,No,3,1930,0
75.99333530833808,0,Medium,Yes,No,No,4,1578,0
386.29891150233135,12,High,No,Yes,No,1,1319,0
599.2875247684951,23,Low,Yes,Yes,No,3,1038,0
184.25125930018325,8,Low,No,No,Yes,1,1151,0
174.9697175821757,21,Low,Yes,Yes,Yes,2,1685,0
211.0499101377742,9,Low,Yes,No,Yes,4,239,0
439.3956273978219,14,Low,No,No,No,5,169,0
87.98887879884609,4,Low,No,No,Yes,8,1327,0
239.24738241464055,21,High,Yes,No,Yes,3,1794,0
392.3101787410757,15,Low,No,No,Yes,6,1818,0
288.10615249266715,12,High,No,Yes,No,10,195,0
5.510277133147605,21,Low,Yes,Yes,Yes,4,1023,0
324.46895574530083,19,High,Yes,No,No,3,886,0
290.10819947103096,17,High,No,Yes,Yes,3,561,0
497.20716066705177,10,Low,No,No,No,6,1257,0
568.1789523694806,8,High,Yes,No,Yes,3,1185,0
480.69249668556483,15,Medium,No,No,No,1,1173,0
211.91521615034156,1,High,No,No,No,2,1400,0
40.32316094198579,1,Medium,Yes,No,Yes,2,1161,0
173.97058780545905,11,Medium,No,Yes,No,4,1384,0
206.83119426077153,7,High,Yes,No,No,1,156,0
594.2905619043785,8,Medium,Yes,Yes,No,3,1318,0
105.61838981080797,11,Low,No,No,No,4,1502,0
57.28297487538834,8,High,No,Yes,Yes,8,1251,0
140.5924167736632,9,Medium,No,No,No,3,445,0
110.76558735597682,1,Medium,Yes,Yes,No,4,741,0
51.66828993465388,15,Low,Yes,Yes,No,3,1178,0
187.39962551280274,19,Medium,Yes,No,No,11,1874,0
213.04529299264587,6,High,Yes,No,Yes,3,1310,0
48.515160359485904,1,Low,Yes,Yes,No,4,1787,0
155.82016885810575,0,Medium,Yes,Yes,No,2,69,0
104.6410686418525,18,Medium,Yes,No,Yes,1,1643,0
218.354242918099,3,High,No,No,No,0,852,0
234.8797523361592,23,Medium,Yes,Yes,No,4,1408,0
104.65988748210873,21,Medium,Yes,No,Yes,5,413,0
417.29479098153786,1,High,Yes,Yes,Yes,4,890,0
203.3197871932431,13,Medium,Yes,No,No,3,1726,0
109.10381478716738,1,Low,Yes,Yes,Yes,5,1147,1
45.20905875844181,14,Low,Yes,No,Yes,2,1528,0
244.30297002530057,11,Medium,No,Yes,Yes,7,624,0
289.6166424769188,4,Low,Yes,No,Yes,3,345,0
134.11036258737087,19,Low,No,Yes,No,7,840,0
223.6138926980173,6,High,No,Yes,Yes,2,1602,0
568.1610442040403,23,Low,No,Yes,No,7,294,0
373.5939245213681,20,High,Yes,No,No,5,138,0
17.55346487508073,9,Low,No,No,No,8,1925,0
107.99607159904899,13,High,Yes,No,Yes,4,324,0
180.34710872311055,13,High,Yes,No,No,3,969,0
212.14365362128524,4,Low,No,No,Yes,4,1631,0
227.2821607337996,17,Medium,No,No,Yes,3,1745,0
276.57476885099953,23,Low,Yes,Yes,No,7,80,0
185.1122781304186,13,High,Yes,No,No,2,354,0
202.93440641822414,1,High,Yes,Yes,No,2,1131,0
386.9790468885398,11,Medium,Yes,No,No,0,1333,0
247.86018548410036,21,Medium,Yes,No,No,3,185,0
69.98846554234493,23,Medium,No,No,No,4,1778,0
217.29381021540283,5,High,No,No,No,1,893,0
180.74061892647677,3,Medium,No,No,Yes,4,1108,0
27.176577880688892,12,Low,Yes,No,Yes,9,152,0
225.80107156889474,3,Medium,No,Yes,No,7,940,0
79.30143678374702,21,Low,No,Yes,No,4,1056,0
390.91829790756066,13,High,No,No,Yes,4,190,0
273.74885892517847,15,Low,Yes,No,Yes,3,1078,0
66.21856393353633,3,Medium,Yes,Yes,Yes,4,1502,0
378.86189270349746,23,Low,Yes,Yes,No,4,101,1
502.573113907521,0,Low,Yes,Yes,No,4,1302,0
163.71006943976994,12,Medium,No,Yes,No,6,43,0
179.90619199662984,3,High,No,No,No,4,687,0
353.74132860327677,19,High,Yes,No,No,6,1615,0
477.7591753148412,17,Low,Yes,No,Yes,4,1397,0
37.18429666107433,5,Low,Yes,No,Yes,4,1741,0
74.126314215995,2,High,Yes,No,Yes,3,1166,0
142.86897181436206,22,Medium,Yes,Yes,No,5,768,1
155.97431731943163,12,Low,No,Yes,Yes,3,391,0
346.73089731029637,15,High,Yes,No,No,4,1713,0
479.41338660644834,4,High,No,Yes,No,3,975,0
503.49527229635845,3,High,Yes,No,Yes,3,1310,0
36.13722707594274,20,High,Yes,Yes,No,3,1189,0
99.33048503775294,7,High,Yes,Yes,No,5,396,0
121.5404427170763,18,Low,No,Yes,Yes,6,544,0
98.96819534463827,13,Low,Yes,No,Yes,3,209,0
273.15089487627966,6,Medium,No,Yes,No,3,284,0
297.1282916554665,13,Medium,Yes,No,Yes,5,510,0
200.99658449480967,5,Medium,No,Yes,Yes,5,468,0
186.6208145053143,11,Medium,No,No,No,3,59,0
147.98006798310095,15,Medium,Yes,No,No,7,979,0
162.52683106847005,16,Medium,No,No,Yes,8,1731,0
563.9536297846463,12,Low,Yes,No,No,4,997,0
328.567013459207,22,Low,No,Yes,No,2,541,0
152.61426076332816,13,Medium,Yes,Yes,Yes,5,1013,0
183.8331201101943,6,High,Yes,No,No,4,637,0
277.6869867141747,13,Low,No,Yes,Yes,6,1125,0
66.19720000181393,14,Medium,No,Yes,Yes,6,1894,0
222.97201316591259,11,High,Yes,No,No,2,1489,0
316.02507104342976,16,Medium,No,No,No,5,348,0
288.0568155358352,8,Low,Yes,No,Yes,7,1086,1
101.09807907824259,21,Medium,Yes,No,No,5,1529,0
118.41292331101,14,Low,No,No,No,3,1668,0
23.378428637604966,11,High,Yes,No,No,6,1886,0
339.68081093966236,1,Low,Yes,No,Yes,3,1883,0
724.1047317454928,4,Medium,No,Yes,No,4,1810,1
88.70489696189,12,Low,Yes,Yes,Yes,1,13,0
423.6385904507405,19,Medium,No,No,Yes,4,1714,1
682.6469333168197,22,Medium,Yes,No,No,2,290,0
136.22813294661196,7,Low,Yes,No,No,5,1323,0
184.0314594169191,13,Medium,Yes,No,No,2,82,0
241.94077362806493,14,Low,No,No,Yes,3,1170,0
281.5563800625297,10,Medium,No,Yes,Yes,5,1883,0
251.6194270791177,0,Medium,Yes,Yes,No,6,777,0
145.25479351372005,20,Medium,Yes,No,Yes,3,980,1
312.5743043606125,2,High,No,No,No,2,1686,1
148.03085469697945,16,Medium,Yes,Yes,Yes,6,1007,0
264.2929438594991,18,Medium,No,Yes,No,3,1426,0
195.50079062165057,13,Low,Yes,Yes,No,4,217,0
31.880161633767578,21,Medium,No,No,No,2,269,0
466.1120256514162,22,High,Yes,No,No,3,939,0
121.18544663125836,7,Low,No,No,No,3,272,0
497.4288192736926,12,High,No,Yes,Yes,3,792,0
412.26852146474755,19,Low,Yes,No,Yes,1,514,0
236.61574873320941,2,High,Yes,No,No,5,1583,0
292.0818886188209,4,Low,No,No,Yes,2,212,0
317.53320933390654,8,High,No,Yes,No,2,1769,0
170.9597052329069,5,Medium,Yes,No,Yes,7,1380,0
177.46827056808607,21,Low,Yes,No,Yes,2,61,0
306.76570794625707,1,Low,No,Yes,No,1,1626,0
197.1156300731428,12,Medium,Yes,Yes,No,3,1389,0
145.64694743490986,4,High,No,No,No,2,1756,0
102.57053077130173,7,Low,Yes,No,No,2,1552,0
269.92012184427847,22,Low,No,Yes,No,5,372,0
117.77292611120721,0,Medium,No,Yes,Yes,4,54,0
365.55837528111914,19,Medium,No,Yes,Yes,4,836,0
386.9762592390526,11,Medium,Yes,No,No,4,1411,0
290.48212724602837,22,Medium,No,No,No,6,798,0
334.67435165619884,10,Low,Yes,No,No,4,1445,0
291.09706717266357,6,High,Yes,No,No,4,780,0
351.3904728343977,14,Medium,Yes,Yes,Yes,9,151,0
341.08996879772303,21,Low,Yes,No,Yes,1,1291,0
259.53619942362747,23,High,No,No,No,6,806,0
415.8149966457603,10,Medium,Yes,Yes,Yes,4,1947,0
175.7864803254451,21,Medium,No,No,Yes,4,46,0
105.3724198894464,15,Medium,No,No,Yes,4,1974,0
100.64299946857707,2,Low,No,No,Yes,2,54,0
155.98386702587723,19,Medium,Yes,Yes,No,7,929,0
26.697659433561366,13,High,Yes,No,No,2,1665,0
234.89649349669358,2,Low,No,No,No,2,1079,0
320.500452736885,0,Medium,Yes,Yes,No,7,1685,0
383.2465461084389,20,High,Yes,Yes,Yes,1,574,0
40.02591792327727,14,High,Yes,Yes,No,5,310,0
103.58159455038111,0,Medium,Yes,No,Yes,7,297,0
357.9875599743292,16,Medium,No,No,Yes,2,795,0
171.45025797838318,1,Medium,Yes,Yes,Yes,6,278,0
315.47200660265304,19,High,Yes,Yes,No,1,1933,0
62.893296949689216,5,High,Yes,Yes,No,4,800,0
493.5204221024088,7,Low,Yes,No,No,8,1095,0
58.04034265266141,15,Medium,Yes,No,No,3,1599,0
229.855268653687,18,Medium,Yes,No,Yes,3,1984,0
234.27030729256813,0,High,Yes,No,No,7,590,0
133.09519975646583,2,Medium,No,No,No,5,1275,0
283.2458257221606,2,Medium,Yes,Yes,Yes,3,945,0
288.9717140671054,4,High,Yes,Yes,Yes,6,1815,0
267.16046530298746,11,Low,Yes,No,No,4,1797,0
131.05956019177194,11,Low,Yes,Yes,No,3,363,0
110.52628199057324,19,Medium,No,Yes,No,5,1829,0
143.0586944897631,12,Medium,Yes,No,No,3,977,0
97.73121076060269,19,Low,Yes,No,No,3,1896,0
428.78775747169175,8,Low,Yes,Yes,Yes,4,80,0
153.3820009388166,6,Medium,No,Yes,Yes,5,844,0
225.01827067481813,3,High,Yes,Yes,Yes,0,422,0
356.98895301897,18,Medium,No,No,Yes,6,621,0
93.49672032630242,21,Medium,Yes,Yes,No,5,1094,0
55.56058311125186,18,Low,No,Yes,No,4,624,0
98.03543682101207,5,High,No,No,No,4,1485,0
243.49567820879287,12,High,Yes,Yes,Yes,3,1426,0
231.51487931743642,10,Medium,Yes,Yes,No,6,1664,0
266.7940121643611,12,Low,Yes,Yes,Yes,4,538,0
184.43135777988238,12,Low,Yes,Yes,Yes,3,1338,0
10.155271647302476,21,Low,Yes,Yes,No,4,200,0
179.91046212365757,19,Medium,Yes,Yes,No,2,1757,0
389.93592934414687,14,High,Yes,No,Yes,5,87,0
459.1239034655364,20,High,Yes,Yes,Yes,3,1591,0
214.05158072850816,12,Medium,Yes,No,No,7,1638,0
232.15180458623672,21,High,Yes,No,Yes,4,898,0
311.36562645094114,10,High,Yes,No,Yes,7,1558,0
450.48534452894603,18,Low,No,Yes,No,4,1773,0
200.08180218449218,7,Medium,Yes,Yes,Yes,4,1334,0
308.34463984980994,19,High,No,No,Yes,4,958,0
126.26038085362752,7,Medium,Yes,No,Yes,6,26,0
64.23130682806442,9,High,Yes,No,No,7,824,0
137.67986864818184,15,High,Yes,Yes,No,11,1607,0
519.9508075375171,18,Medium,Yes,No,Yes,5,443,0
312.706859546637,22,High,No,Yes,Yes,3,1076,0
70.36557273650148,10,High,No,Yes,Yes,4,1101,0
322.8898330531135,12,Medium,Yes,No,Yes,3,1413,0
75.66431308289707,8,Medium,No,Yes,No,7,221,0
264.1640792410193,19,Low,Yes,No,No,1,212,0
90.27575943716921,23,Medium,No,No,Yes,1,735,0
66.53230921267966,18,Medium,No,No,Yes,5,118,0
577.6764920460208,15,Low,Yes,No,Yes,4,977,0
153.28807749513294,6,Low,Yes,No,Yes,3,293,0
308.75432503378937,18,Low,Yes,No,Yes,5,950,0
206.40638242108315,11,High,No,Yes,No,0,1970,0
81.45168155586613,14,High,Yes,No,No,6,1639,0
166.63464379195287,22,High,No,Yes,No,0,1258,0
82.12066282333232,13,Medium,No,Yes,Yes,5,746,1
854.9349510820077,10,High,Yes,Yes,No,3,1784,0
347.8373487738006,9,High,Yes,No,Yes,3,1151,0
203.50062883823932,10,Medium,No,No,Yes,5,941,0
297.2967196926363,5,Medium,Yes,No,No,0,612,0
332.55760661439814,1,Low,No,Yes,Yes,4,1373,0
333.1677574026064,10,High,Yes,No,No,2,1834,0
323.39764851286003,18,Medium,Yes,No,No,2,1314,0
306.40680069232644,5,Medium,Yes,No,No,4,500,0
216.1981355556968,13,Medium,No,No,No,4,28,0
548.7474148545865,19,Medium,Yes,Yes,Yes,3,1208,0
226.62588283444498,5,Low,No,No,No,6,1502,0
207.98752486179595,16,Medium,Yes,No,No,4,1651,0
228.0737993727716,9,Low,No,No,No,3,810,0
240.2235753085511,0,High,Yes,No,Yes,6,769,0
40.379747694303774,2,Medium,Yes,No,No,5,1868,0
97.14829625660688,7,Medium,No,No,Yes,2,1175,0
184.4265132991534,7,Medium,Yes,Yes,No,7,1496,0
38.16696681081127,19,Medium,Yes,Yes,Yes,5,938,0
203.253202037159,21,Medium,Yes,No,No,4,307,0
237.9112178005286,14,Medium,No,No,Yes,4,1503,0
61.40742333979026,23,High,No,Yes,Yes,6,714,0
118.90363717683807,6,High,Yes,No,Yes,2,1896,0
471.5034508053134,10,High,Yes,No,Yes,6,824,0
299.43503762951747,6,Low,No,No,Yes,4,812,0
287.5389341801976,3,Medium,Yes,No,Yes,1,382,0
433.73116363731395,11,High,No,No,No,7,1501,0
98.84670751116829,5,Medium,Yes,No,No,0,937,0
61.589999252947855,13,Low,No,No,No,4,960,0
395.2638765734407,11,Medium,No,No,Yes,3,1471,0
188.4629520101202,10,Low,No,Yes,Yes,6,853,0
96.51348249993958,18,Low,No,Yes,Yes,3,956,0
40.020556076656824,20,High,Yes,No,No,4,1753,0
230.00675668734613,4,Medium,Yes,No,No,4,452,0
171.9802449794681,13,Low,Yes,No,Yes,4,1489,0
149.57825716043197,20,High,No,No,Yes,1,1281,0
15.779645929973054,23,High,No,Yes,No,4,151,0
544.0286089406011,15,Medium,No,No,No,7,411,0
50.56772291585498,12,Low,Yes,No,No,1,1929,0
161.4692650228839,21,High,Yes,No,No,5,832,0
140.5994966723992,21,High,Yes,No,Yes,6,231,0
305.7359384533005,19,Medium,No,No,Yes,2,746,0
40.528128941266075,21,High,Yes,No,Yes,4,1899,0
280.4834890411061,3,Medium,Yes,No,Yes,0,1217,0
230.85219408052467,10,Low,No,Yes,Yes,3,1397,0
113.9762851608283,16,Medium,Yes,No,No,0,1850,0
273.49929462487614,6,Medium,Yes,No,Yes,4,1003,0
202.98105058554003,13,High,Yes,No,Yes,5,1221,0
629.9786876243414,10,Medium,No,Yes,Yes,3,122,0
171.85913034078018,21,Low,Yes,No,Yes,3,1214,0
85.40829098990801,8,Medium,No,No,Yes,2,1232,0
282.47451792046496,22,Medium,Yes,No,No,9,1935,0
155.3158464479904,12,Medium,No,Yes,No,4,1103,0
199.89024508324357,22,Medium,Yes,No,Yes,1,607,0
62.097935515889475,17,Medium,Yes,No,No,3,913,0
309.0291905847078,10,High,No,No,Yes,3,494,0
135.66144580445217,14,Low,No,Yes,No,4,1432,0
244.08203307903256,21,Medium,Yes,Yes,Yes,4,1955,0
733.5104936354185,18,High,No,No,Yes,3,560,0
164.11991658586425,0,Medium,Yes,Yes,No,4,1676,0
338.86147987787393,3,Medium,No,Yes,Yes,3,1986,0
173.2180698683638,13,High,No,Yes,Yes,8,1043,0
115.32427007990108,13,Low,Yes,No,Yes,5,12,0
482.47079325119705,2,Low,No,No,Yes,7,1511,0
27.808261789048675,16,Medium,Yes,Yes,Yes,3,1847,0
400.2075405297694,2,Low,Yes,Yes,No,8,671,0
23.72067203036584,15,High,No,No,No,9,76,0
372.5980585259922,13,Low,No,No,No,5,714,0
202.2193329900645,19,High,Yes,Yes,Yes,6,1130,0
85.62784188392564,12,High,Yes,Yes,Yes,2,1564,0
143.33718518242517,14,Low,Yes,No,Yes,1,1351,0
326.2782550097903,13,Medium,No,No,Yes,3,107,0
689.0209065916747,23,Low,Yes,No,No,5,1090,0
42.36616643410093,18,Medium,Yes,No,Yes,6,1896,0
90.57394985458897,5,Low,Yes,Yes,No,6,1140,0
56.59303183489377,9,High,Yes,No,Yes,5,97,0
172.10896921974276,14,High,Yes,No,Yes,6,981,0
379.45418070254914,20,Low,Yes,No,Yes,3,662,0
48.900359341080005,21,Low,Yes,Yes,Yes,4,665,0
198.13302787699254,19,High,Yes,No,Yes,3,921,0
371.26036161554816,5,Low,No,No,Yes,7,380,0
141.6410331100367,22,High,Yes,Yes,Yes,4,384,0
232.43123793314942,9,Medium,No,No,No,6,61,0
459.02994929137844,6,Medium,No,Yes,No,5,1757,0
75.72944877072895,21,High,No,Yes,Yes,3,50,0
31.627827280422814,16,Medium,No,Yes,Yes,5,825,0
253.71978052117885,17,High,Yes,Yes,No,3,100,0
258.84165022947906,16,High,Yes,Yes,No,4,48,0
133.61635146326057,8,Low,Yes,No,No,3,1046,0
112.52089852112917,9,Low,Yes,No,Yes,2,909,1
205.33766240925357,9,High,No,No,No,3,1641,0
74.42410747470194,6,High,No,Yes,No,4,630,0
74.53804117344082,15,Low,No,No,Yes,8,113,0
324.7894684228869,17,High,Yes,No,No,3,1899,0
69.59931427049783,5,Medium,No,No,Yes,4,752,0
34.07975110563584,19,Low,Yes,No,No,2,52,0
112.32499859089629,0,High,Yes,No,No,7,218,0
136.3368423353593,0,Low,Yes,No,No,3,609,0
280.4617945796162,11,High,No,No,No,3,614,0
120.98046207279504,20,Low,Yes,Yes,Yes,5,1719,0
511.1847716355727,1,Medium,No,No,No,5,485,0
213.5107352765503,3,Low,No,No,No,3,1671,0
99.09791217758493,16,Medium,No,No,No,6,118,0
272.07240861606465,3,Medium,Yes,No,No,2,1592,0
505.19289863524784,10,Low,No,No,No,6,223,0
318.6381115870638,21,Medium,No,No,No,7,1637,0
45.82313979719034,3,Medium,Yes,Yes,No,8,1726,0
146.21789395237278,0,Low,Yes,Yes,No,5,418,0
241.31877578101862,6,High,Yes,Yes,Yes,5,1586,0
309.4865376753367,17,Medium,Yes,No,No,3,780,1
172.9405755836306,8,Medium,Yes,No,Yes,2,642,0
154.32197774560257,2,Medium,No,No,Yes,1,86,0
626.9420310888635,7,Medium,Yes,No,Yes,8,104,0
321.919386857438,23,Low,Yes,No,No,4,278,0
272.67928837898194,18,Medium,No,No,No,3,370,0
125.37719707658151,3,Medium,Yes,No,No,3,539,0
73.39431522770506,17,High,No,No,Yes,5,1838,0
276.10595384275985,19,High,Yes,No,No,10,692,0
346.5690512184185,10,Medium,Yes,Yes,No,4,171,0
199.1343205045748,13,Low,Yes,No,Yes,4,474,0
322.5192271698143,17,Low,Yes,No,Yes,5,832,0
328.2615481295527,15,Low,Yes,Yes,Yes,3,1597,0
362.4888347919193,2,Low,No,No,No,5,557,0
44.970371476213366,14,Medium,Yes,No,No,3,1983,0
149.6313913901655,3,Low,No,No,Yes,2,1220,0
288.0214992774407,4,Low,Yes,Yes,No,3,1915,0
207.8104277731911,16,Low,Yes,No,Yes,1,1793,0
328.971390262402,6,Low,No,No,Yes,6,61,0
272.5624127699547,15,Low,Yes,Yes,Yes,2,497,0
17.506770790894354,13,Low,No,No,Yes,2,1564,0
422.6666097372982,15,Medium,No,Yes,Yes,4,1429,0
134.6122625594847,6,Medium,No,Yes,Yes,8,101,0
93.90364342370289,8,Low,Yes,Yes,No,3,660,0
413.24275933227483,3,Medium,Yes,Yes,Yes,6,1849,0
311.62265542571805,21,Medium,No,No,No,2,366,0
452.6341941690969,10,Low,No,Yes,No,6,1765,0
243.264217207381,1,Low,Yes,No,Yes,4,1644,0
148.07309521581712,11,Medium,Yes,No,No,3,1781,0
223.0462052375034,11,Medium,Yes,No,Yes,5,728,0
79.15968324023132,3,Low,Yes,No,No,3,1177,0
55.11332044066433,17,Low,Yes,No,No,1,208,0
117.49602215138056,20,High,Yes,No,Yes,1,824,0
544.1173689073188,6,Low,No,Yes,No,4,1356,0
127.94777523929534,0,Low,No,No,No,1,1832,0
34.96577106603946,22,High,No,No,No,7,1365,0
176.80748363800265,12,High,Yes,Yes,No,5,1297,0
126.51701864045249,5,Medium,Yes,Yes,Yes,0,226,0
427.8529416084345,5,Medium,No,Yes,No,4,1734,0
518.7893362770114,11,Low,No,No,Yes,6,565,0
142.54105228299673,7,Low,No,No,Yes,1,1467,0
243.09302447953672,23,Medium,No,No,Yes,2,812,0
258.1268768499949,21,Low,Yes,Yes,Yes,2,1493,0
192.55709569230282,18,Medium,No,No,No,1,710,0
166.38774834471664,4,High,Yes,Yes,No,1,512,0
88.2687665704808,17,High,Yes,Yes,No,4,478,0
28.66308231578867,4,Low,No,No,Yes,2,1984,0
87.79566019449796,9,Medium,Yes,Yes,No,4,1739,0
187.3503213049945,0,Medium,Yes,Yes,No,6,1815,0
48.993126232489224,9,High,Yes,Yes,Yes,2,375,0
233.85876032720142,4,Low,Yes,No,Yes,3,1805,0
210.93627194125705,11,Low,No,No,No,3,1946,0
126.70058847854973,21,Low,Yes,No,No,3,1272,0
160.79821571355413,6,Medium,Yes,No,No,1,633,0
58.66999684375776,8,Medium,Yes,Yes,No,3,1614,0
358.0463892283407,21,High,Yes,No,Yes,4,929,0
353.8746344215582,20,Medium,Yes,No,Yes,2,570,0
69.64000173271111,11,Low,No,Yes,No,1,832,0
71.63065816773207,22,Medium,Yes,Yes,Yes,3,976,0
88.87454962889026,0,Low,No,Yes,No,6,672,0
298.17677626270336,10,High,No,No,No,6,760,0
257.53990977479424,20,High,No,Yes,No,3,1882,1
410.07957227598894,14,High,Yes,No,No,3,1429,0
441.4177338660677,1,High,Yes,Yes,Yes,2,1428,0
44.21653514063296,19,Low,No,Yes,No,1,1660,0
290.71451878085793,6,Low,Yes,No,No,2,1108,0
429.64418960103956,20,Medium,No,No,No,1,1131,0
152.5809205817755,11,High,No,Yes,No,4,392,0
196.37345965188604,21,Low,No,Yes,Yes,6,1656,0
174.18688383109645,17,Low,No,Yes,No,2,1902,0
180.3159313365983,2,High,Yes,Yes,No,2,1403,0
357.20530791961437,6,Low,Yes,Yes,Yes,4,1318,0
611.9234310788926,10,Medium,No,No,No,3,1289,0
499.4267272190607,17,Medium,Yes,No,No,4,1863,0
131.76077030067768,11,Low,Yes,No,No,4,318,0
243.65925990057693,5,Low,No,Yes,Yes,2,1662,0
101.49359652634705,4,High,Yes,Yes,No,3,185,0
110.96211334018722,0,Medium,No,Yes,No,3,237,0
189.77225725240896,11,High,No,No,No,5,356,0
108.34503849743132,10,Medium,Yes,No,Yes,4,1651,0
122.92512107824791,3,Low,No,Yes,Yes,7,1375,0
239.42820417909806,17,High,No,No,No,2,1929,0
287.82781175352096,3,Medium,No,No,No,6,1995,0
282.3957371402863,16,Low,Yes,Yes,Yes,5,1272,0
284.39835498040566,1,High,Yes,Yes,Yes,2,1645,0
63.00770162009831,23,Low,No,No,Yes,5,1030,0
103.52552283675863,21,Low,Yes,No,No,3,1721,0
205.9350633491403,1,Low,Yes,Yes,Yes,2,359,0
416.5290285541373,11,Medium,No,Yes,Yes,4,1988,0
835.1994980159501,5,Medium,Yes,No,Yes,3,464,0
250.85615042062975,9,Medium,Yes,Yes,No,7,450,0
333.90342733821296,22,High,Yes,No,Yes,5,770,0
56.041150665623135,20,High,Yes,No,Yes,0,1621,0
327.697294404799,22,Low,No,Yes,No,6,524,0
694.7170147051568,15,Low,Yes,Yes,Yes,3,1114,0
103.18926532324728,13,Low,Yes,No,Yes,4,1394,0
126.37210769994793,6,Low,No,Yes,No,1,297,0
364.90900918612743,18,Medium,No,Yes,Yes,6,17,0
203.95899641163163,22,High,No,No,No,4,96,0
25.657051986892707,16,High,Yes,Yes,Yes,7,1007,0
132.91972776706874,8,Low,Yes,No,No,2,295,0
517.367125653176,12,Medium,No,Yes,Yes,2,1432,0
159.821324852,21,Medium,Yes,No,No,1,83,0
159.71499206879915,4,Low,No,Yes,Yes,2,1472,0
349.1311568739996,22,Medium,Yes,No,Yes,5,1156,0
257.44128658564136,4,High,Yes,No,No,1,1410,0
152.9393397900768,9,Medium,No,Yes,No,2,815,0
119.35600173277379,20,High,No,No,Yes,2,1176,0
1093.0577434337347,9,Medium,No,Yes,No,4,167,0
461.4324582957989,6,Low,Yes,No,Yes,2,439,0
284.32335279049494,14,Medium,Yes,No,No,3,1481,0
297.32611647848506,6,Low,Yes,No,Yes,2,1443,0
181.18746296399925,14,Low,Yes,Yes,No,6,1404,0
255.21642570213908,2,Medium,Yes,No,Yes,4,1142,0
166.47013175224956,18,High,Yes,Yes,Yes,3,855,0
94.97166833301978,9,Medium,Yes,No,Yes,5,1740,0
262.50256995404123,14,Medium,No,No,Yes,3,45,0
155.25412108748125,2,High,No,Yes,No,3,1123,0
272.3951652279974,5,High,No,Yes,No,7,1030,0
309.51297101771735,11,High,Yes,No,No,7,983,0
282.71363662617296,14,Low,No,No,Yes,4,1448,0
88.07601171712965,5,High,Yes,Yes,Yes,0,1027,0
142.0593216192365,12,Low,Yes,Yes,No,5,1329,0
157.6795274719988,18,Medium,No,No,No,5,1875,0
392.4604863430524,2,Low,Yes,Yes,Yes,4,722,1
378.69595702364296,7,Medium,Yes,Yes,No,3,1079,0
108.98252754715945,7,Low,Yes,Yes,No,3,497,0
61.524529235337894,22,Medium,Yes,Yes,No,6,628,0
860.7017327173104,19,Medium,No,No,Yes,5,179,0
274.8514222577362,14,Low,No,No,Yes,2,155,0
53.49285612379505,3,Medium,No,No,Yes,0,877,0
124.64419532185721,18,High,Yes,Yes,No,0,429,0
403.6292268374639,20,High,No,No,Yes,9,1723,0
729.3627935658078,2,Low,Yes,No,Yes,4,582,0
652.4161816147962,12,High,Yes,Yes,No,3,1969,0
266.6343462879191,7,Medium,No,No,Yes,4,1036,0
200.52338712763094,22,Medium,Yes,No,Yes,3,1627,1
80.45914238103241,15,Low,No,No,No,7,1296,0
213.57045545897824,12,Medium,Yes,No,No,5,808,0
90.88838250127172,2,High,No,No,No,5,330,0
143.20515258174856,15,Medium,No,Yes,Yes,3,1640,0
364.6461173583934,8,Medium,Yes,No,No,1,1609,0
165.81014782642518,13,Medium,Yes,Yes,No,4,255,0
157.07388569202462,12,Low,No,No,Yes,1,1622,0
192.32271867835408,20,High,Yes,No,No,3,486,0
942.7251775998074,6,High,Yes,No,Yes,7,1292,0
72.4602834202889,14,Low,No,No,Yes,5,1126,0
246.70236606818375,6,High,Yes,No,Yes,1,1836,0
614.8786222912009,5,Low,No,Yes,Yes,4,792,0
191.88293993206787,1,High,Yes,No,Yes,6,542,0
455.7456630477213,8,Medium,Yes,No,No,8,1607,0
57.335180061325126,21,Low,No,No,Yes,6,1372,0
170.17362942404506,23,Medium,Yes,No,No,7,1957,0
99.89813405872435,16,Medium,Yes,Yes,No,2,1293,0
190.3193475732978,4,Low,Yes,Yes,Yes,4,246,0
193.43891361758074,11,Medium,Yes,No,Yes,5,1174,0
209.12418142763977,0,Medium,Yes,No,No,5,984,0
362.334277064202,9,High,Yes,Yes,No,3,1980,0
14.802329211504873,10,Low,Yes,No,Yes,2,1977,0
119.96500023562436,15,Medium,Yes,No,Yes,3,688,1
234.55003146020383,13,Low,No,Yes,No,2,1513,0
27.394021153508692,7,High,No,No,Yes,2,588,0
312.18631072545617,23,Low,Yes,No,No,2,1383,0
118.0312617499915,16,High,No,No,No,3,1603,0
172.75380858173656,17,High,No,No,Yes,3,1757,0
373.6472380777083,11,Medium,Yes,No,Yes,2,139,0
469.64843688800846,16,Medium,No,Yes,Yes,5,1570,0
318.864684227075,13,Low,Yes,Yes,No,9,20,0
70.45420138495746,15,Low,No,Yes,Yes,5,266,0
307.8461560485063,13,High,Yes,No,Yes,5,825,0
322.4337711356818,8,High,Yes,Yes,No,1,378,0
279.5349760422456,3,Low,No,Yes,Yes,7,953,0
520.9340615426066,22,Medium,Yes,Yes,Yes,4,1427,0
213.26946936482886,10,High,Yes,Yes,No,3,1626,0
507.74313590824113,5,Medium,Yes,No,Yes,5,1831,0
505.70205049668846,14,Low,Yes,Yes,No,4,1452,0
328.7717196206354,4,Low,No,No,No,3,891,0
249.55337275883159,10,Low,No,No,Yes,4,28,0
280.67998841170055,17,High,Yes,Yes,Yes,2,119,0
595.8629434164446,12,Medium,Yes,No,Yes,6,1470,0
416.1666102800686,10,Medium,No,No,No,4,514,0
78.89670844618621,13,High,Yes,Yes,Yes,8,1067,0
268.19735292815653,17,Medium,No,Yes,No,4,1321,0
95.32783533433495,18,High,Yes,Yes,No,0,1877,0
115.03303792909533,23,Medium,Yes,Yes,Yes,8,1012,0
147.91708219491525,14,Low,Yes,Yes,No,3,264,0
51.71546208905499,8,High,Yes,No,Yes,4,647,0
89.75672914064842,7,Medium,Yes,No,No,6,1754,0
539.7682526001855,19,Low,Yes,No,No,5,143,0
114.4185226095142,0,Medium,Yes,Yes,Yes,4,508,1
363.7391791533711,3,Low,Yes,Yes,Yes,4,406,0
227.8198551101193,13,Medium,Yes,No,No,2,1520,0
298.5357757962989,1,High,Yes,Yes,No,4,1631,0
307.52281418995193,15,High,Yes,Yes,No,7,1620,0
86.12084423092342,2,High,Yes,No,Yes,6,1993,0
362.2751877035419,7,Low,Yes,Yes,Yes,5,656,0
63.37703259022265,5,Medium,No,No,Yes,3,1846,0
110.31164476195694,15,Low,No,Yes,No,4,694,0
304.3961333183218,23,High,Yes,No,Yes,6,1246,0
80.9109199815646,15,Medium,Yes,No,Yes,3,1866,0
24.001432103106445,6,Medium,Yes,No,No,5,1383,0
259.20492002069017,12,High,No,Yes,No,3,28,0
42.33528155239761,12,Medium,Yes,No,Yes,9,1020,0
324.740134003602,4,Medium,Yes,No,Yes,3,128,0
156.76170585949333,19,High,No,No,No,0,1848,0
256.52701703871986,21,High,Yes,No,Yes,1,311,0
253.0856459131982,17,Low,Yes,No,Yes,1,1318,0
341.6425278944656,14,Medium,Yes,Yes,Yes,5,236,0
310.67892118500436,17,High,No,No,No,4,1540,0
80.22406533698584,1,Low,Yes,No,No,2,1534,0
164.5201665597818,9,Medium,No,Yes,Yes,9,1245,0
256.30797362865707,22,Low,No,Yes,Yes,3,365,0
513.7947431101678,12,Medium,Yes,No,No,3,710,0
312.6782372183978,17,Low,Yes,No,No,3,496,0
